id_contribuyente,sector,ingresos_millones,compras_millones,num_empleados,antiguedad_anios,declaraciones_corregidas,iva_a_pagar_millones,pago_tardio
CTB-00001,Transporte,63.51,34.57,,1.5,3,3.94,1
CTB-00002,Servicios,293.19,195.09,35.0,7.7,1,19.06,0
CTB-00003,Transporte,72.9,49.83,5.0,2.1,1,0.46,0
CTB-00004,Comercio,54.82,32.62,4.0,4.3,4,3.91,1
CTB-00005,Comercio,53.17,35.86,5.0,5.0,0,0.83,0
CTB-00006,Manufactura,259.63,202.25,36.0,9.1,1,11.36,0
CTB-00007,Servicios,302.91,200.68,23.0,10.7,2,17.7,0
CTB-00008,Comercio,745.3,549.7,77.0,14.7,0,32.66,0
CTB-00009,Servicios,69.71,47.5,5.0,4.2,1,0.39,1
CTB-00010, Tecnología ,1251.62,666.45,156.0,24.8,1,106.49,0
CTB-00011,Manufactura,63.43,44.29,4.0,3.9,1,0.24,0
CTB-00012,Tecnología,364.25,200.72,,9.7,0,31.31,0
CTB-00013,Comercio,674.52,472.89,99.0,15.9,2,39.73,0
CTB-00014,Transporte,63.25,28.91,5.0,1.8,0,8.35,0
CTB-00015,MANUFACTURA,56.7,28.95,5.0,2.9,2,2.68,0
CTB-00016,Servicios,333.78,206.38,37.0,8.1,0,15.82,0
CTB-00017,Servicios,274.28,132.73,31.0,9.4,3,21.78,0
CTB-00018,Comercio,375.02,244.88,24.0,9.7,1,20.55,0
CTB-00019,Comercio,280.03,187.99,31.0,11.2,0,22.03,0
CTB-00020,Comercio,65.96,50.16,5.0,0.5,4,1.69,1
CTB-00021,Comercio,605.53,399.76,66.0,19.0,0,37.03,0
CTB-00022,Comercio,53.35,38.11,5.0,2.6,2,2.58,0
CTB-00023,Servicios,55.24,30.84,5.0,2.9,1,5.11,0
CTB-00024,Comercio,713.58,334.68,74.0,15.0,0,68.55,0
CTB-00025,Comercio,367.02,235.04,35.0,8.1,0,25.09,0
CTB-00026,Tecnología,65.18,39.24,5.0,2.9,1,5.99,0
CTB-00027,Tecnología,275.86,151.67,32.0,8.5,2,21.16,0
CTB-00028,Servicios,1439.13,874.54,155.0,23.8,1,91.81,0
CTB-00029,Transporte,598.63,304.08,101.0,18.2,2,32.3,0
CTB-00030,Transporte,275.22,204.55,28.0,10.7,1,8.0,0
CTB-00031,Tecnología,302.21,190.99,29.0,4.6,1,16.96,0
CTB-00032,Transporte,68.18,33.77,7.0,2.8,1,9.31,0
CTB-00033,Servicios,62.66,39.06,6.0,5.8,1,4.39,0
CTB-00034,Manufactura,53.22,32.55,6.0,3.9,1,5.7,0
CTB-00035,Manufactura,260.78,139.48,24.0,7.7,3,16.81,1
CTB-00036,Tecnología,56.29,40.2,4.0,5.6,1,6.7,0
CTB-00037,Comercio,1449.23,938.42,116.0,25.7,0,91.95,0
CTB-00038,Tecnología,230.8,172.01,35.0,11.0,1,10.22,0
CTB-00039,Manufactura,313.71,139.32,20.0,8.6,1,26.6,0
CTB-00040,COMERCIO,57.43,31.74,4.0,0.5,1,4.9,0
CTB-00041,Servicios,312.76,212.37,30.0,6.4,1,18.02,0
CTB-00042,Servicios,315.18,179.13,23.0,7.3,1,23.72,0
CTB-00043,Tecnología,61.44,29.75,5.0,4.1,0,10.4,0
CTB-00044,Tecnología,43.78,31.24,4.0,3.5,6,2.49,1
CTB-00045,Tecnología,78.43,48.46,4.0,5.9,1,4.97,0
CTB-00046,Tecnología,71.54,48.74,5.0,3.4,0,6.29,1
CTB-00047, Servicios ,67.48,41.28,5.0,5.8,1,0.01,0
CTB-00048,Comercio,251.46,145.34,26.0,11.3,0,16.99,0
CTB-00049,Comercio,55.48,34.05,4.0,3.6,0,2.89,1
CTB-00050,Servicios,52.78,21.85,4.0,2.3,0,4.75,0
CTB-00051,comercio,51.14,28.97,3.0,3.1,1,5.91,0
CTB-00052,Servicios,286.16,197.72,21.0,10.2,2,14.37,0
CTB-00053,Servicios,1521.86,1060.39,164.0,26.8,0,79.55,0
CTB-00054,transporte,69.31,40.66,5.0,4.1,1,4.84,0
CTB-00055,Manufactura,283.87,185.91,35.0,10.8,2,11.07,0
CTB-00056,Servicios,65.18,52.11,4.0,3.6,0,2.87,0
CTB-00057,Manufactura,51.12,26.26,5.0,3.1,1,11.79,1
CTB-00058,Transporte,318.28,202.52,23.0,11.0,1,14.49,0
CTB-00059,Transporte,768.58,486.86,76.0,12.9,0,33.02,0
CTB-00060,Transporte,290.52,162.7,32.0,10.0,1,16.02,0
CTB-00061,Tecnología,61.53,30.86,4.0,2.5,2,5.05,1
CTB-00062,Tecnología,285.75,142.56,26.0,10.2,1,28.4,0
CTB-00063,Servicios,314.11,198.29,38.0,9.0,1,17.0,0
CTB-00064,Manufactura,758.37,473.45,83.0,12.3,0,43.64,0
CTB-00065,Tecnología,828.16,524.82,77.0,14.9,0,57.19,0
CTB-00066,Comercio,59.8,38.43,6.0,3.3,0,1.15,0
CTB-00067,Comercio,1173.48,655.3,152.0,26.0,0,103.73,0
CTB-00068,Manufactura,1056.96,621.29,108.0,24.2,0,67.92,0
CTB-00069,Tecnología,262.21,171.63,44.0,6.7,0,21.23,0
CTB-00070,Manufactura,71.0,50.17,4.0,1.2,0,1.48,0
CTB-00071,Tecnología,702.94,448.29,103.0,15.2,0,47.65,0
CTB-00072,Comercio,284.46,178.6,26.0,9.0,0,14.94,1
CTB-00073,Servicios,304.99,115.4,37.0,11.5,2,28.07,1
CTB-00074,Manufactura,717.73,387.55,87.0,14.8,0,50.52,0
CTB-00075,Comercio,318.8,227.93,33.0,7.9,0,21.39,0
CTB-00076,Manufactura,61.93,38.94,6.0,1.4,2,5.09,0
CTB-00077,Tecnología,60.45,36.65,4.0,1.4,2,4.16,0
CTB-00078,Comercio,326.14,223.25,33.0,11.7,2,25.7,0
CTB-00079,TRANSPORTE,318.61,230.43,30.0,8.0,1,11.44,0
CTB-00080,Servicios,55.8,33.28,6.0,1.8,1,8.04,0
CTB-00081,Tecnología,1392.54,679.83,143.0,25.8,1,131.99,0
CTB-00082,Transporte,332.65,225.46,34.0,13.0,3,12.91,0
CTB-00083,Manufactura,69.27,33.25,5.0,3.7,1,6.79,1
CTB-00084,Comercio,733.87,465.9,62.0,14.3,0,51.47,0
CTB-00085,Manufactura,756.26,452.23,77.0,14.0,2,53.78,1
CTB-00086,Comercio,264.49,157.04,35.0,9.6,3,14.33,0
CTB-00087,Servicios,75.72,50.0,4.0,4.7,1,2.88,0
CTB-00088,Transporte,64.6,44.51,5.0,2.2,0,1.02,0
CTB-00089,Manufactura,59.42,30.55,5.0,2.9,0,6.44,0
CTB-00090,Comercio,252.45,206.86,27.0,8.9,1,10.63,0
CTB-00091,Comercio,59.22,29.41,5.0,2.1,0,9.0,0
CTB-00092,Servicios,47.19,33.02,2.0,4.7,4,3.07,1
CTB-00093,MANUFACTURA,66.45,44.29,5.0,1.9,2,0.0,0
CTB-00094,Servicios,65.19,37.37,4.0,3.7,0,4.24,0
CTB-00095,Comercio,349.49,233.97,29.0,6.9,1,26.55,0
CTB-00096,Comercio,330.73,207.49,28.0,9.4,1,32.02,0
CTB-00097,Servicios,68.22,46.42,6.0,4.0,3,1.71,0
CTB-00098,Transporte,791.94,445.33,61.0,16.5,1,38.34,0
CTB-00099,Transporte,66.82,36.42,6.0,4.0,2,5.32,0
CTB-00100,Servicios,720.62,394.96,67.0,15.9,1,54.82,0
CTB-00101,Comercio,45.91,25.95,5.0,4.6,0,2.79,0
CTB-00102,Servicios,55.22,31.22,5.0,2.9,0,2.25,0
CTB-00103,Manufactura,56.93,36.37,4.0,3.2,1,5.15,0
CTB-00104,Transporte,672.82,418.13,59.0,15.4,0,33.07,0
CTB-00105,Servicios,375.47,214.06,35.0,7.3,2,27.9,0
CTB-00106,comercio,60.63,37.43,6.0,4.2,1,7.29,0
CTB-00107,Comercio,256.61,156.37,33.0,7.5,0,19.31,1
CTB-00108,Manufactura,57.09,31.75,6.0,0.9,1,2.85,1
CTB-00109,Comercio,326.69,215.01,35.0,8.2,2,22.3,1
CTB-00110,Manufactura,313.65,190.17,31.0,5.8,0,16.67,0
CTB-00111,Manufactura,50.42,31.0,6.0,2.4,1,3.09,1
CTB-00112,Manufactura,69.27,35.04,5.0,2.9,1,5.96,1
CTB-00113,Tecnología,1381.41,878.58,146.0,27.2,1,86.98,0
CTB-00114,Manufactura,612.54,499.26,70.0,16.8,0,17.4,0
CTB-00115,comercio,62.96,42.57,5.0,3.2,2,5.47,0
CTB-00116,Servicios,49.73,19.75,4.0,4.7,2,6.89,1
CTB-00117,Servicios,348.19,239.46,24.0,9.3,1,16.74,0
CTB-00118,Servicios,349.03,248.81,30.0,9.1,3,12.47,0
CTB-00119,Manufactura,700.25,417.66,81.0,14.4,2,47.41,1
CTB-00120,Comercio,1184.77,846.94,165.0,25.2,0,65.6,0
CTB-00121,Manufactura,61.47,46.61,6.0,3.4,3,3.76,1
CTB-00122,Manufactura,49.32,27.53,5.0,0.5,2,3.57,1
CTB-00123,Tecnología,798.12,671.4,55.0,15.2,0,25.59,0
CTB-00124,Manufactura,232.35,125.35,20.0,8.3,2,21.07,0
CTB-00125,Comercio,62.67,34.23,5.0,2.0,0,8.33,0
CTB-00126,Transporte,65.48,40.21,4.0,3.3,1,8.21,0
CTB-00127,Comercio,75.31,45.83,5.0,1.9,2,2.48,0
CTB-00128,Tecnología,1388.66,768.72,176.0,22.5,1,109.21,0
CTB-00129,Tecnología,692.45,472.11,94.0,18.5,0,40.16,0
CTB-00130,Manufactura,357.25,191.71,27.0,10.2,0,26.98,0
CTB-00131,Servicios,296.47,174.29,33.0,9.0,0,19.42,0
CTB-00132,Servicios,60.76,32.83,5.0,4.5,2,0.94,1
CTB-00133,Manufactura,1158.8,712.94,178.0,23.1,1,67.24,0
CTB-00134,TRANSPORTE,264.45,154.59,32.0,6.6,0,11.7,0
CTB-00135,Tecnología,277.23,172.68,28.0,10.7,2,20.06,0
CTB-00136,Tecnología,624.95,420.96,63.0,13.2,1,36.07,0
CTB-00137,Comercio,64.85,44.68,5.0,1.6,3,0.18,0
CTB-00138,Transporte,351.45,264.27,33.0,10.2,0,13.91,0
CTB-00139,Comercio,726.41,465.19,93.0,15.7,0,47.39,0
CTB-00140,Transporte,66.31,43.78,,6.1,0,1.67,1
CTB-00141,Comercio,44.97,29.53,5.0,4.7,0,0.81,0
CTB-00142,Comercio,69.73,41.54,6.0,0.6,1,4.04,0
CTB-00143,TRANSPORTE,61.0,42.14,5.0,3.3,0,1.64,1
CTB-00144,Servicios,51.92,32.54,,3.9,0,5.5,0
CTB-00145,Tecnología,1784.19,1326.26,152.0,22.0,0,85.09,0
CTB-00146,Servicios,245.83,173.53,26.0,4.7,0,15.15,0
CTB-00147,Tecnología,1319.37,998.15,144.0,20.3,1,57.07,0
CTB-00148,Servicios,60.83,38.14,4.0,2.0,0,8.51,0
CTB-00149,Servicios,65.89,37.65,4.0,5.1,2,4.11,1
CTB-00150,Manufactura,358.46,198.49,25.0,11.1,1,23.98,0
CTB-00151,Manufactura,65.44,44.27,6.0,1.6,1,2.54,1
CTB-00152,Comercio,328.33,192.33,,7.4,1,29.68,0
CTB-00153,Comercio,1337.71,911.38,198.0,21.5,0,80.98,0
CTB-00154,Servicios,289.35,194.16,28.0,9.3,0,13.34,0
CTB-00155,Comercio,329.28,202.29,37.0,10.4,0,25.67,0
CTB-00156,Manufactura,285.11,204.0,38.0,10.3,1,11.44,1
CTB-00157,TRANSPORTE,71.05,42.64,5.0,0.5,1,0.17,0
CTB-00158,Manufactura,297.1,200.37,36.0,10.2,2,15.68,0
CTB-00159,Comercio,57.9,34.78,5.0,0.9,0,6.0,1
CTB-00160,Comercio,657.41,361.55,90.0,17.9,0,55.24,0
CTB-00161,Transporte,52.52,25.82,5.0,2.1,1,0.03,0
CTB-00162,Comercio,70.64,45.44,4.0,6.6,0,1.89,0
CTB-00163,Comercio,65.35,43.03,6.0,2.5,3,10.13,1
CTB-00164,TECNOLOGÍA,712.55,415.52,76.0,14.4,1,59.55,0
CTB-00165,Comercio,61.8,33.7,6.0,3.5,2,2.88,0
CTB-00166,Servicios,329.6,184.92,41.0,12.0,0,27.03,0
CTB-00167,Manufactura,263.83,135.01,37.0,9.0,0,24.63,0
CTB-00168,Manufactura,312.17,160.94,35.0,10.0,0,29.85,0
CTB-00169,Manufactura,238.69,162.58,28.0,7.4,2,15.49,0
CTB-00170,Comercio,71.69,39.03,4.0,3.8,1,3.44,1
CTB-00171,Comercio,1311.28,818.97,176.0,20.6,0,98.91,0
CTB-00172,Tecnología,1346.92,988.76,136.0,24.6,0,64.39,0
CTB-00173,Comercio,292.31,174.25,33.0,8.6,1,25.84,0
CTB-00174,Transporte,53.43,36.59,5.0,2.3,0,0.0,0
CTB-00175,Servicios,61.16,38.97,4.0,4.0,2,3.53,0
CTB-00176,Manufactura,62.55,41.46,5.0,4.8,2,3.73,0
CTB-00177,Servicios,66.1,27.46,4.0,1.0,1,5.61,0
CTB-00178,Comercio,285.9,231.89,27.0,11.4,1,9.02,0
CTB-00179,Tecnología,683.05,408.22,85.0,13.2,0,53.08,0
CTB-00180,Servicios,1100.87,704.41,134.0,23.4,1,63.71,0
CTB-00181,Tecnología,59.46,28.86,6.0,3.4,2,5.02,1
CTB-00182,Servicios,1222.33,790.01,129.0,22.6,0,77.83,0
CTB-00183,Comercio,361.85,228.75,,10.3,1,24.02,0
CTB-00184,Servicios,842.72,502.97,53.0,17.6,0,57.77,0
CTB-00185,Transporte,1267.21,662.87,168.0,20.7,0,68.05,0
CTB-00186,Comercio,264.02,172.63,23.0,9.1,1,18.23,1
CTB-00187,Tecnología,63.72,41.53,4.0,3.3,4,6.93,1
CTB-00188,Comercio,256.31,132.71,36.0,6.9,0,24.65,0
CTB-00189,Manufactura,696.37,372.6,89.0,14.0,0,50.76,0
CTB-00190,Transporte,61.42,34.88,4.0,3.3,1,7.96,1
CTB-00191,Manufactura,52.46,28.47,6.0,1.4,3,4.98,0
CTB-00192,Comercio,297.24,194.14,25.0,9.9,1,20.62,0
CTB-00193,Manufactura,713.79,398.19,75.0,17.2,1,50.6,0
CTB-00194,Manufactura,353.72,235.74,40.0,9.6,2,25.73,0
CTB-00195,Comercio,852.93,541.96,71.0,13.1,0,63.84,0
CTB-00196,Servicios,68.26,46.34,8.0,1.8,2,5.11,1
CTB-00197, Comercio ,1391.12,774.93,148.0,23.3,1,115.98,0
CTB-00198,Manufactura,1030.81,605.1,201.0,23.7,0,73.02,0
CTB-00199,Tecnología,1596.62,805.63,144.0,23.5,0,146.22,0
CTB-00200,Transporte,295.51,176.5,35.0,11.9,1,14.95,0
CTB-00201,Manufactura,305.32,226.99,33.0,9.2,0,14.88,0
CTB-00202,Transporte,64.97,48.96,4.0,0.5,3,3.32,1
CTB-00203,Servicios,51.58,32.85,4.0,5.0,1,2.36,0
CTB-00204,Comercio,713.39,462.57,76.0,18.1,1,49.88,0
CTB-00205,Manufactura,60.23,44.22,4.0,4.8,0,0.19,0
CTB-00206,Servicios,1140.45,586.42,182.0,24.4,0,95.62,0
CTB-00207,Tecnología,298.48,192.31,27.0,10.1,1,20.11,0
CTB-00208,Servicios,58.59,43.91,3.0,1.6,1,1.15,0
CTB-00209,Servicios,271.9,172.81,39.0,9.4,0,14.03,0
CTB-00210,Comercio,826.12,463.31,78.0,16.0,1,67.79,0
CTB-00211,Manufactura,52.06,41.78,5.0,2.9,0,2.78,0
CTB-00212,Servicios,320.48,244.54,31.0,10.9,0,12.9,0
CTB-00213,Servicios,51.24,27.89,6.0,6.3,0,6.97,0
CTB-00214,Servicios,64.75,34.89,4.0,3.7,0,2.05,0
CTB-00215,Tecnología,60.56,42.97,4.0,3.4,2,0.0,0
CTB-00216,Comercio,43.53,27.38,6.0,3.5,3,6.04,0
CTB-00217,Tecnología,71.18,55.66,6.0,1.8,2,1.14,0
CTB-00218,Tecnología,276.32,164.63,34.0,10.0,0,14.67,0
CTB-00219,Tecnología,71.98,45.46,5.0,2.6,2,4.0,0
CTB-00220,Manufactura,61.56,39.36,3.0,4.5,1,0.0,0
CTB-00221,Servicios,780.22,434.2,,15.2,0,56.95,0
CTB-00222,Tecnología,607.09,357.86,50.0,13.0,0,38.49,0
CTB-00223,Manufactura,292.31,157.4,27.0,6.6,1,22.36,0
CTB-00224,Manufactura,622.38,328.51,101.0,17.4,2,49.47,0
CTB-00225,Servicios,56.71,31.77,5.0,3.0,0,7.3,1
CTB-00226,Comercio,363.15,244.27,30.0,7.5,0,21.26,0
CTB-00227,Tecnología,51.24,33.31,4.0,4.8,0,2.73,0
CTB-00228,Manufactura,62.68,40.5,7.0,2.8,0,7.18,0
CTB-00229,Manufactura,59.74,30.15,5.0,5.9,0,2.81,0
CTB-00230,Comercio,719.06,500.65,94.0,18.9,1,38.24,0
CTB-00231,Manufactura,74.64,51.36,5.0,4.2,1,4.91,0
CTB-00232,Transporte,763.77,595.16,98.0,13.6,0,23.0,0
CTB-00233,Tecnología,280.25,180.59,34.0,8.9,0,16.8,0
CTB-00234,Comercio,733.59,538.31,103.0,17.2,0,41.77,0
CTB-00235,Tecnología,788.47,383.46,89.0,14.0,0,78.85,0
CTB-00236,Transporte,55.66,33.34,5.0,1.4,5,0.0,0
CTB-00237,Comercio,279.2,143.42,22.0,9.2,1,27.55,1
CTB-00238,Tecnología,56.74,38.2,6.0,5.1,1,3.13,1
CTB-00239,Tecnología,59.19,31.5,5.0,2.4,1,5.01,1
CTB-00240,Servicios,659.63,249.94,114.0,16.5,0,65.34,0
CTB-00241,Tecnología,60.47,34.38,5.0,2.0,3,7.7,0
CTB-00242,Tecnología,246.9,179.49,23.0,7.3,3,10.66,1
CTB-00243,Manufactura,694.02,375.31,86.0,15.8,1,57.19,1
CTB-00244,Servicios,65.6,36.11,5.0,2.6,1,5.73,0
CTB-00245,Manufactura,298.81,190.09,33.0,7.3,1,13.86,0
CTB-00246,Servicios,282.23,166.54,30.0,10.1,1,20.44,0
CTB-00247,Servicios,338.77,211.76,34.0,6.1,2,22.15,0
CTB-00248,Servicios,328.75,240.7,29.0,9.2,1,14.99,0
CTB-00249,Tecnología,70.05,38.27,4.0,2.7,4,8.38,1
CTB-00250,Manufactura,624.25,476.94,79.0,16.5,0,24.2,0
CTB-00251,Comercio,340.02,230.45,22.0,7.4,2,17.41,1
CTB-00252,Tecnología,67.16,37.57,7.0,1.5,3,3.77,0
CTB-00253,Manufactura,1282.21,774.47,172.0,23.7,0,78.63,0
CTB-00254,Comercio,811.38,464.63,70.0,15.4,1,68.85,0
CTB-00255,Comercio,274.97,159.78,26.0,8.1,2,20.1,0
CTB-00256,Servicios,655.32,343.16,62.0,16.5,0,53.51,0
CTB-00257,Manufactura,58.28,34.74,5.0,3.8,0,4.89,0
CTB-00258,Servicios,58.46,35.15,5.0,1.0,4,8.06,1
CTB-00259,Transporte,739.51,499.24,83.0,17.0,0,31.54,0
CTB-00260,Tecnología,604.92,375.49,58.0,17.9,0,38.91,0
CTB-00261,Tecnología,325.55,244.31,22.0,7.3,2,14.5,1
CTB-00262,Comercio,665.68,441.65,81.0,17.7,1,44.78,1
CTB-00263,Servicios,33.02,19.7,6.0,0.5,0,0.0,0
CTB-00264,Comercio,702.0,296.17,89.0,16.4,1,78.61,0
CTB-00265,Transporte,694.87,375.05,83.0,16.5,0,40.83,0
CTB-00266,Servicios,67.99,39.84,5.0,2.9,1,1.19,0
CTB-00267,Comercio,70.4,44.84,5.0,3.3,0,6.62,0
CTB-00268,Servicios,60.65,43.28,4.0,2.9,1,5.65,0
CTB-00269,Tecnología,346.24,202.31,18.0,10.5,1,32.95,0
CTB-00270,COMERCIO,570.06,395.46,,18.0,2,35.57,0
CTB-00271,Comercio,643.76,391.66,,13.2,0,47.86,0
CTB-00272,Tecnología,281.21,199.31,34.0,8.0,3,13.34,0
CTB-00273,Transporte,1295.28,806.88,112.0,26.1,0,61.66,0
CTB-00274,Manufactura,52.11,31.2,6.0,3.8,3,0.0,1
CTB-00275,Transporte,61.85,33.35,5.0,4.3,0,3.55,0
CTB-00276,Comercio,331.31,202.86,35.0,10.6,0,30.48,0
CTB-00277,Servicios,243.01,174.66,26.0,8.4,2,14.59,1
CTB-00278,Comercio,363.3,214.66,31.0,10.4,1,27.36,0
CTB-00279,Comercio,301.03,203.36,27.0,9.7,0,21.78,1
CTB-00280,Comercio,598.64,442.66,83.0,15.1,1,28.39,1
CTB-00281,Comercio,717.73,414.8,91.0,18.5,0,54.45,0
CTB-00282,Servicios,286.59,167.42,31.0,9.0,1,19.33,0
CTB-00283,Transporte,264.47,172.44,29.0,10.4,1,13.24,0
CTB-00284,Tecnología,60.46,44.91,4.0,2.4,3,0.0,1
CTB-00285,Servicios,388.75,244.54,33.0,9.8,1,24.05,0
CTB-00286,Tecnología,52.07,35.48,4.0,1.1,0,3.37,1
CTB-00287,Tecnología,802.02,523.29,94.0,16.9,0,45.48,0
CTB-00288,Servicios,49.84,30.93,4.0,3.7,2,3.67,0
CTB-00289,Manufactura,610.5,421.72,78.0,15.0,0,31.58,0
CTB-00290,Manufactura,45.33,22.24,5.0,1.6,2,6.08,0
CTB-00291,Comercio,336.63,204.29,23.0,7.4,0,22.16,0
CTB-00292,Comercio,55.12,34.09,7.0,3.0,0,3.61,0
CTB-00293,Tecnología,59.8,36.47,6.0,5.3,0,7.88,0
CTB-00294,Transporte,624.4,471.15,95.0,14.8,0,21.46,0
CTB-00295,Comercio,318.45,200.11,32.0,9.1,1,21.26,0
CTB-00296,Servicios,291.96,185.78,33.0,6.0,0,17.04,0
CTB-00297,Comercio,565.0,393.3,56.0,18.0,1,29.55,0
CTB-00298,Manufactura,70.97,39.86,6.0,2.2,0,1.36,0
CTB-00299,Tecnología,77.0,44.35,5.0,2.9,1,3.76,0
CTB-00300,Comercio,52.37,35.38,5.0,5.3,1,0.26,1
CTB-00301,Servicios,632.04,363.08,104.0,14.9,0,47.58,0
CTB-00302,Comercio,211.63,116.83,35.0,11.4,0,16.81,0
CTB-00303,Comercio,56.58,38.34,6.0,1.5,1,0.0,0
CTB-00304,Comercio,1306.64,516.18,182.0,25.6,0,147.89,0
CTB-00305,Servicios,294.0,186.5,37.0,10.2,1,16.17,0
CTB-00306,Comercio,61.47,46.89,7.0,2.7,1,5.51,0
CTB-00307,Manufactura,289.6,163.08,33.0,9.3,0,17.18,0
CTB-00308,Manufactura,61.84,39.47,5.0,4.0,0,7.24,0
CTB-00309,Transporte,57.56,31.97,,4.3,1,4.14,0
CTB-00310,Servicios,58.07,40.56,4.0,0.8,2,3.03,1
CTB-00311,Manufactura,1244.92,690.58,135.0,21.5,0,86.36,0
CTB-00312,Manufactura,47.47,29.45,6.0,4.4,0,0.0,0
CTB-00313,Comercio,296.16,178.14,33.0,9.5,3,26.83,1
CTB-00314,Comercio,275.17,171.68,24.0,10.3,1,15.96,1
CTB-00315,Servicios,62.19,32.37,5.0,2.8,0,2.2,0
CTB-00316,Comercio,669.54,310.69,99.0,15.1,0,68.64,0
CTB-00317,Servicios,329.19,210.92,32.0,9.3,1,20.52,1
CTB-00318,Servicios,269.54,178.3,32.0,9.8,0,13.09,0
CTB-00319,Transporte,50.77,39.26,5.0,0.5,1,1.25,1
CTB-00320,Comercio,365.68,235.13,29.0,9.7,1,20.77,0
CTB-00321,Servicios,324.63,208.2,22.0,10.6,0,23.37,0
CTB-00322,comercio,58.72,33.72,4.0,1.1,0,5.69,0
CTB-00323,Transporte,315.32,225.48,31.0,6.6,2,13.64,1
CTB-00324,Manufactura,82.69,43.45,4.0,3.8,3,6.01,1
CTB-00325,Manufactura,66.74,46.75,5.0,4.8,0,3.76,0
CTB-00326,Comercio,63.97,33.92,3.0,2.8,0,5.18,0
CTB-00327,Manufactura,1340.45,924.05,123.0,24.3,0,71.83,0
CTB-00328,Servicios,62.04,38.58,6.0,2.8,2,9.33,0
CTB-00329,Comercio,331.17,220.24,29.0,6.8,0,22.53,0
CTB-00330,Comercio,287.76,179.0,26.0,9.7,0,25.95,1
CTB-00331,Servicios,864.78,592.52,54.0,17.0,2,48.26,0
CTB-00332,Manufactura,59.84,37.28,5.0,4.4,0,8.18,0
CTB-00333,Manufactura,1455.88,754.14,206.0,23.5,1,105.75,0
CTB-00334,Manufactura,1195.64,835.4,131.0,23.9,1,64.08,0
CTB-00335,Tecnología,345.75,222.74,26.0,7.2,1,17.65,0
CTB-00336,Servicios,652.73,425.58,82.0,15.3,0,42.46,0
CTB-00337,Manufactura,314.33,161.9,27.0,9.8,0,25.75,1
CTB-00338,Manufactura,316.0,183.02,36.0,10.5,0,19.8,0
CTB-00339,Transporte,73.14,54.37,5.0,2.6,1,0.33,1
CTB-00340,Transporte,54.13,27.12,5.0,1.7,1,5.8,0
CTB-00341,Servicios,53.8,33.99,5.0,0.8,0,2.08,0
CTB-00342,Tecnología,699.46,425.38,85.0,16.0,2,48.22,0
CTB-00343,Manufactura,56.0,30.73,6.0,3.7,0,5.32,0
CTB-00344,Servicios,53.86,31.83,6.0,4.3,1,8.85,1
CTB-00345,Comercio,271.37,184.47,38.0,6.5,2,14.47,1
CTB-00346, Transporte ,754.77,438.32,79.0,16.9,0,37.86,0
CTB-00347,Servicios,81.01,50.03,5.0,3.1,0,1.55,0
CTB-00348,Transporte,51.93,24.66,7.0,6.0,1,1.82,0
CTB-00349,Manufactura,622.96,366.21,69.0,15.1,0,40.79,0
CTB-00350,Servicios,63.58,32.96,,2.4,1,11.55,0
CTB-00351,Manufactura,324.23,245.71,33.0,9.1,2,16.9,0
CTB-00352,Tecnología,314.3,179.35,27.0,9.5,1,23.29,0
CTB-00353,Comercio,300.88,161.96,32.0,8.4,0,30.0,0
CTB-00354,Manufactura,288.16,163.02,32.0,7.3,0,19.02,0
CTB-00355,Transporte,356.01,255.36,23.0,7.3,1,12.61,0
CTB-00356,Comercio,742.39,481.97,110.0,15.7,1,46.05,0
CTB-00357,Comercio,73.84,48.12,6.0,0.8,2,8.3,0
CTB-00358,Transporte,1332.63,754.09,200.0,24.0,0,70.6,0
CTB-00359,Manufactura,850.59,513.43,89.0,14.8,1,62.05,0
CTB-00360,Comercio,56.81,41.25,6.0,3.9,2,1.24,1
CTB-00361,Tecnología,696.09,396.07,75.0,15.8,1,51.09,0
CTB-00362,Comercio,315.1,209.87,27.0,7.1,0,18.69,0
CTB-00363,Comercio,53.67,37.72,,3.8,3,8.06,1
CTB-00364,Transporte,254.23,142.79,38.0,8.7,2,10.05,0
CTB-00365,Servicios,712.94,354.12,53.0,17.3,1,61.66,0
CTB-00366,Servicios,313.78,194.96,25.0,8.5,2,25.09,0
CTB-00367,Servicios,276.72,184.86,39.0,10.7,0,16.69,0
CTB-00368,Manufactura,64.62,41.02,5.0,2.8,0,8.33,0
CTB-00369,Comercio,659.43,412.16,73.0,15.7,0,48.11,0
CTB-00370,Comercio,754.63,485.31,91.0,15.3,1,53.28,0
CTB-00371,Servicios,769.78,514.97,85.0,16.5,0,43.65,0
CTB-00372,Manufactura,59.06,22.75,4.0,0.9,2,4.03,1
CTB-00373,Servicios,759.81,498.88,67.0,16.5,0,47.36,0
CTB-00374,Tecnología,53.31,34.81,6.0,4.0,2,2.57,0
CTB-00375,SERVICIOS,61.25,40.08,5.0,4.9,2,0.86,0
CTB-00376,Transporte,58.65,39.54,5.0,4.4,3,1.02,1
CTB-00377,Comercio,58.59,33.05,7.0,2.7,2,0.0,1
CTB-00378,Transporte,267.22,186.41,32.0,5.4,0,9.31,0
CTB-00379,Manufactura,292.09,174.7,25.0,12.8,1,14.91,1
CTB-00380,Servicios,638.24,431.72,93.0,18.1,1,38.19,0
CTB-00381,Tecnología,55.97,38.22,4.0,2.9,3,7.13,1
CTB-00382,Manufactura,304.28,171.54,23.0,6.3,2,16.36,1
CTB-00383,Tecnología,232.12,137.12,22.0,7.3,0,13.28,0
CTB-00384,Comercio,48.83,30.45,5.0,1.1,0,0.0,1
CTB-00385,Servicios,527.81,298.06,65.0,15.1,1,39.98,0
CTB-00386, Transporte ,284.51,155.54,27.0,9.4,0,13.63,0
CTB-00387,Tecnología,273.99,186.04,43.0,11.5,1,18.06,0
CTB-00388,Transporte,1206.81,660.4,111.0,23.6,0,67.09,0
CTB-00389,Comercio,1330.41,753.15,156.0,26.1,1,110.52,0
CTB-00390,Comercio,61.91,28.0,5.0,1.6,3,5.03,1
CTB-00391,Transporte,1495.4,898.3,154.0,21.9,0,75.9,0
CTB-00392,Transporte,61.24,45.78,5.0,4.0,0,4.87,0
CTB-00393,Servicios,55.73,36.31,4.0,2.7,3,3.91,0
CTB-00394,Comercio,668.26,465.88,80.0,16.4,2,39.24,0
CTB-00395,Comercio,54.97,33.94,,4.7,3,0.0,0
CTB-00396,Servicios,1268.04,783.32,172.0,23.8,1,86.02,0
CTB-00397,Comercio,1353.09,676.83,209.0,25.1,0,133.85,0
CTB-00398,Comercio,313.22,194.25,33.0,7.1,0,20.78,0
CTB-00399,Comercio,1430.7,886.73,129.0,23.9,0,103.14,0
CTB-00400,Manufactura,55.58,29.9,5.0,2.1,2,8.46,0
CTB-00401,Tecnología,1504.57,947.85,123.0,27.5,0,99.41,0
CTB-00402,Manufactura,727.22,482.39,106.0,16.2,1,39.39,0
CTB-00403,Servicios,324.27,198.23,32.0,8.8,0,18.66,0
CTB-00404,Servicios,1334.55,778.45,94.0,25.6,1,97.27,0
CTB-00405,Servicios,275.81,175.19,25.0,6.1,2,11.61,0
CTB-00406,Servicios,234.94,118.03,29.0,10.5,2,16.68,0
CTB-00407,Tecnología,75.17,51.62,4.0,4.3,0,2.16,0
CTB-00408,Transporte,715.71,498.07,,13.6,1,29.98,0
CTB-00409,Comercio,61.26,39.18,6.0,2.6,0,8.99,0
CTB-00410,Servicios,64.56,35.99,6.0,0.5,2,8.53,0
CTB-00411,Manufactura,54.8,32.57,6.0,5.5,0,5.94,0
CTB-00412,Manufactura,221.05,131.28,32.0,7.4,1,14.02,0
CTB-00413,Tecnología,1405.06,859.56,132.0,23.7,0,99.06,0
CTB-00414,Tecnología,1394.16,697.56,186.0,24.3,1,127.4,0
CTB-00415,Servicios,70.05,40.93,5.0,4.3,0,4.13,0
CTB-00416,Tecnología,292.61,152.41,29.0,8.4,0,29.04,0
CTB-00417,Comercio,61.17,44.52,6.0,2.3,1,0.0,1
CTB-00418,Servicios,265.29,189.01,20.0,11.6,1,17.33,1
CTB-00419,Transporte,238.6,119.42,31.0,10.4,1,19.56,0
CTB-00420,Comercio,344.14,225.21,17.0,7.1,1,20.36,0
CTB-00421,Servicios,944.28,636.31,77.0,13.8,0,56.56,0
CTB-00422,Comercio,253.22,180.98,30.0,9.4,1,11.78,0
CTB-00423,COMERCIO,67.05,49.9,5.0,5.3,0,2.75,0
CTB-00424,TECNOLOGÍA,1318.21,810.21,189.0,26.0,1,92.43,0
CTB-00425,Manufactura,846.6,594.93,87.0,15.9,0,39.58,0
CTB-00426,Comercio,61.14,35.08,5.0,5.1,0,7.39,0
CTB-00427,Servicios,693.74,436.96,47.0,14.9,1,39.62,0
CTB-00428,Comercio,63.35,41.57,6.0,1.9,2,9.3,0
CTB-00429,Servicios,66.81,37.5,4.0,5.1,2,3.47,0
CTB-00430,Manufactura,57.25,35.0,5.0,4.7,0,3.56,0
CTB-00431, Manufactura ,745.77,495.73,86.0,17.0,0,37.52,0
CTB-00432,Comercio,65.68,36.69,5.0,2.0,1,6.28,1
CTB-00433,COMERCIO,232.02,123.35,27.0,8.5,0,22.11,0
CTB-00434,manufactura,64.01,33.56,6.0,3.0,2,4.76,1
CTB-00435,manufactura,1210.9,775.46,169.0,25.4,1,72.62,0
CTB-00436,comercio,1399.75,989.44,210.0,21.0,1,75.27,0
CTB-00437,Comercio,47.0,21.73,7.0,2.5,1,2.62,0
CTB-00438,Servicios,266.94,176.06,33.0,11.1,2,12.58,0
CTB-00439,Tecnología,54.72,31.53,4.0,4.2,1,8.34,1
CTB-00440,Manufactura,47.29,26.16,5.0,0.5,1,2.26,0
CTB-00441,Servicios,301.7,188.76,38.0,9.9,1,13.55,0
CTB-00442,Tecnología,52.86,30.36,5.0,3.1,1,0.79,0
CTB-00443,Transporte,540.25,369.46,98.0,17.5,0,21.86,0
CTB-00444,Comercio,58.24,33.96,6.0,2.6,0,1.9,0
CTB-00445,Tecnología,262.09,135.49,23.0,11.2,2,24.8,0
CTB-00446,Tecnología,57.91,30.49,5.0,4.7,1,0.11,1
CTB-00447,Manufactura,744.91,519.55,,16.6,0,37.47,0
CTB-00448,Servicios,764.91,497.73,68.0,16.5,0,46.7,0
CTB-00449,Transporte,255.05,199.36,28.0,6.9,1,11.33,1
CTB-00450,Comercio,53.85,31.37,4.0,3.6,1,4.59,0
CTB-00451,Comercio,838.46,565.59,57.0,16.7,1,55.42,0
CTB-00452,Servicios,229.73,124.21,25.0,7.6,0,14.69,0
CTB-00453,Comercio,70.64,45.49,6.0,0.5,2,0.0,0
CTB-00454,Manufactura,238.99,161.88,26.0,8.6,1,8.16,0
CTB-00455,Comercio,42.29,24.19,4.0,2.7,2,5.29,0
CTB-00456,Comercio,255.72,167.51,,9.4,3,18.03,1
CTB-00457,Comercio,292.26,139.22,32.0,11.0,1,27.12,0
CTB-00458,Manufactura,60.41,33.05,7.0,2.0,0,11.85,0
CTB-00459,Comercio,630.54,341.56,38.0,14.8,1,58.65,0
CTB-00460,Manufactura,272.65,155.06,38.0,10.4,0,14.86,0
CTB-00461,Comercio,293.51,194.51,26.0,6.6,1,18.4,0
CTB-00462,Transporte,302.41,181.96,23.0,7.4,0,14.74,0
CTB-00463,Comercio,307.86,190.8,25.0,4.0,1,22.86,1
CTB-00464,Servicios,277.67,189.42,28.0,10.5,1,18.71,0
CTB-00465,Tecnología,58.93,37.1,5.0,4.7,0,5.73,0
CTB-00466,Manufactura,298.37,204.02,31.0,10.4,2,19.47,0
CTB-00467,Manufactura,79.18,53.98,4.0,4.0,1,4.37,1
CTB-00468,Tecnología,1605.43,958.41,144.0,24.0,0,115.67,0
CTB-00469,Servicios,298.69,182.43,26.0,8.6,2,21.24,0
CTB-00470,Manufactura,58.02,38.54,5.0,2.8,3,2.71,0
CTB-00471,Transporte,1376.84,906.69,183.0,24.1,3,52.09,0
CTB-00472,Comercio,57.97,39.91,5.0,2.6,0,3.24,0
CTB-00473,Transporte,311.73,202.51,29.0,10.6,3,14.28,1
CTB-00474,Transporte,1105.52,674.19,143.0,25.1,2,51.49,0
CTB-00475,Servicios,1265.17,797.27,171.0,22.5,0,77.7,0
CTB-00476,Servicios,78.27,45.44,8.0,2.7,0,0.03,0
CTB-00477,Tecnología,272.31,189.82,28.0,11.0,3,20.11,0
CTB-00478,Servicios,66.28,47.43,6.0,3.3,0,3.1,0
CTB-00479,Tecnología,747.73,390.77,105.0,14.5,1,64.98,1
CTB-00480,Servicios,46.83,28.42,5.0,2.6,0,0.64,1
CTB-00481,Transporte,294.61,185.25,23.0,9.1,2,11.76,1
CTB-00482,Comercio,52.35,42.55,5.0,5.1,0,0.0,1
CTB-00483,Manufactura,679.66,372.39,60.0,18.7,2,50.45,0
CTB-00484,Servicios,869.0,546.03,89.0,12.3,1,54.38,0
CTB-00485,Tecnología,692.76,447.34,94.0,17.6,1,43.64,0
CTB-00486,Servicios,64.88,37.88,4.0,1.9,1,1.2,0
CTB-00487,Comercio,60.26,40.86,6.0,4.9,1,0.0,1
CTB-00488,Manufactura,70.05,39.09,5.0,2.7,3,5.63,1
CTB-00489,Comercio,51.63,33.1,4.0,1.6,3,3.12,0
CTB-00490,Servicios,302.41,180.96,21.0,9.3,1,13.68,0
CTB-00491,Manufactura,270.86,139.6,26.0,10.1,0,19.67,0
CTB-00492,Servicios,243.23,174.97,18.0,10.7,0,17.06,0
CTB-00493,Servicios,1430.84,898.15,177.0,22.2,2,91.87,0
CTB-00494,Comercio,702.49,408.8,83.0,16.4,0,58.08,0
CTB-00495,Comercio,320.19,202.27,32.0,10.1,1,24.93,0
CTB-00496,Tecnología,71.16,43.39,5.0,2.7,3,9.73,1
CTB-00497,Manufactura,1419.52,958.87,197.0,23.2,0,72.64,0
CTB-00498,Servicios,50.1,29.07,2.0,3.8,0,3.67,0
CTB-00499,Comercio,212.5,120.08,23.0,10.1,2,12.49,0
CTB-00500,Tecnología,771.34,490.49,81.0,18.9,0,53.62,0
CTB-00501,Servicios,60.68,42.41,6.0,5.1,2,0.0,0
CTB-00502,Manufactura,286.08,173.95,39.0,7.0,2,17.53,0
CTB-00503,Servicios,65.79,36.03,4.0,2.6,2,2.97,0
CTB-00504,Tecnología,72.07,42.17,4.0,2.9,0,5.68,0
CTB-00505,Tecnología,321.86,261.37,30.0,9.4,1,12.46,0
CTB-00506,Servicios,62.04,36.24,,3.4,2,5.82,0
CTB-00507,Tecnología,60.83,39.95,5.0,3.6,0,4.79,1
CTB-00508,Transporte,814.84,531.38,57.0,16.4,0,30.75,0
CTB-00509, Transporte ,1021.3,531.39,169.0,26.2,2,58.8,0
CTB-00510,Servicios,49.49,32.05,4.0,1.3,1,4.87,0
CTB-00511,Servicios,70.92,41.4,7.0,3.5,1,3.05,0
CTB-00512,Comercio,60.41,40.73,5.0,2.0,1,5.23,0
CTB-00513,Servicios,55.09,27.15,6.0,1.6,2,6.9,0
CTB-00514,Servicios,294.7,202.64,23.0,7.1,0,19.22,0
CTB-00515,Manufactura,54.23,32.72,6.0,3.6,0,3.8,1
CTB-00516,Tecnología,62.69,23.53,6.0,6.0,1,12.86,0
CTB-00517,Tecnología,644.31,367.52,78.0,13.3,1,51.83,0
CTB-00518,Servicios,288.31,167.66,30.0,8.0,0,17.22,0
CTB-00519,comercio,333.95,184.39,32.0,9.8,1,24.66,0
CTB-00520,servicios,313.9,191.76,33.0,9.3,2,14.98,0
CTB-00521,Comercio,68.06,44.53,6.0,1.7,0,10.2,0
CTB-00522,Tecnología,1553.6,1069.76,144.0,24.4,1,89.83,0
CTB-00523,Comercio,502.11,376.01,59.0,14.5,1,29.11,0
CTB-00524,Manufactura,63.38,45.72,,3.6,0,2.79,0
CTB-00525,Servicios,293.97,180.56,33.0,7.6,1,12.89,0
CTB-00526,Manufactura,66.11,35.72,6.0,4.4,1,4.28,0
CTB-00527,Transporte,57.34,38.27,8.0,2.6,0,1.26,1
CTB-00528,Comercio,1458.35,880.46,172.0,23.0,1,111.45,0
CTB-00529,Servicios,58.53,35.23,3.0,1.4,3,0.0,1
CTB-00530,Servicios,71.65,38.64,4.0,3.5,1,7.64,0
CTB-00531,Transporte,63.65,39.56,5.0,4.5,3,8.39,1
CTB-00532,Comercio,255.27,157.79,33.0,9.1,1,18.23,1
CTB-00533, Comercio ,690.22,446.04,80.0,14.8,0,47.03,0
CTB-00534,Comercio,64.58,39.77,7.0,0.9,1,2.21,1
CTB-00535,Servicios,327.7,240.95,31.0,9.7,2,17.94,0
CTB-00536,Manufactura,246.57,125.76,34.0,7.9,1,11.66,0
CTB-00537,Servicios,312.86,203.53,33.0,7.0,0,19.05,0
CTB-00538,Manufactura,244.13,132.89,27.0,10.2,1,18.24,1
CTB-00539,Transporte,63.28,40.87,6.0,3.3,5,1.64,1
CTB-00540,Tecnología,59.11,36.39,6.0,5.1,1,2.89,0
CTB-00541,Servicios,67.81,48.04,5.0,2.2,3,0.0,1
CTB-00542,Comercio,750.43,528.66,75.0,16.3,1,41.35,0
CTB-00543,Comercio,1193.42,694.34,149.0,24.5,0,98.08,0
CTB-00544,Comercio,63.71,44.13,5.0,0.5,1,0.0,0
CTB-00545,Servicios,222.21,141.24,29.0,9.1,0,10.32,0
CTB-00546,Comercio,317.08,202.54,22.0,7.1,0,27.09,0
CTB-00547,Tecnología,1161.74,874.81,120.0,24.5,0,50.59,0
CTB-00548,Comercio,60.26,30.88,5.0,4.8,2,6.42,0
CTB-00549,Servicios,60.04,32.73,5.0,4.6,4,1.39,1
CTB-00550,Comercio,1214.12,747.68,213.0,24.0,0,88.57,0
CTB-00551,Comercio,825.67,607.44,62.0,13.6,0,42.62,0
CTB-00552,Servicios,1192.14,741.89,151.0,22.4,0,75.24,0
CTB-00553,Comercio,52.06,30.3,5.0,4.3,1,7.9,0
CTB-00554,comercio,246.51,137.79,27.0,6.3,1,21.26,0
CTB-00555,Manufactura,249.48,165.41,27.0,9.3,2,14.3,0
CTB-00556,Servicios,296.25,180.99,23.0,7.2,3,19.79,1
CTB-00557,Transporte,61.22,38.35,6.0,5.3,1,4.4,1
CTB-00558,Comercio,64.73,39.27,5.0,1.5,0,0.14,0
CTB-00559,Transporte,55.3,36.02,5.0,1.9,3,0.0,1
CTB-00560,Servicios,264.57,166.07,34.0,8.5,1,20.06,1
CTB-00561,Manufactura,1487.3,866.38,196.0,25.3,0,98.14,0
CTB-00562,Tecnología,1511.25,1229.57,164.0,24.8,3,49.95,0
CTB-00563,Comercio,70.01,44.07,5.0,2.6,1,9.1,0
CTB-00564,Servicios,51.85,28.3,4.0,0.5,1,2.7,1
CTB-00565,Servicios,54.05,32.49,4.0,3.4,1,8.08,0
CTB-00566,Manufactura,274.7,209.54,36.0,9.1,1,8.66,0
CTB-00567,Comercio,837.04,563.5,89.0,17.5,0,52.16,0
CTB-00568,Comercio,323.58,163.41,37.0,9.8,0,32.21,0
CTB-00569,Manufactura,66.69,45.12,6.0,4.9,2,6.56,1
CTB-00570,Transporte,1389.69,826.96,209.0,24.7,2,66.93,1
CTB-00571, Servicios ,57.75,31.87,4.0,3.2,1,5.07,0
CTB-00572,Transporte,341.04,207.31,27.0,7.9,2,15.11,1
CTB-00573,Comercio,1301.74,941.79,151.0,24.4,1,73.24,0
CTB-00574,Comercio,463.72,311.65,106.0,14.2,1,30.77,0
CTB-00575,Transporte,49.57,30.9,,3.9,1,4.8,0
CTB-00576,Comercio,61.84,40.55,6.0,6.7,2,8.21,0
CTB-00577,Transporte,738.12,435.07,85.0,18.1,0,36.31,0
CTB-00578,Manufactura,1524.27,1007.17,191.0,26.1,1,85.08,0
CTB-00579,Servicios,336.51,191.11,29.0,8.5,3,31.83,0
CTB-00580,Servicios,322.86,175.95,23.0,9.8,2,24.2,0
CTB-00581,Comercio,306.84,197.67,30.0,11.4,0,19.29,0
CTB-00582,Servicios,61.93,41.13,6.0,0.5,1,4.02,0
CTB-00583,Transporte,269.66,178.04,26.0,8.7,2,12.97,0
CTB-00584,Comercio,623.08,396.35,83.0,16.9,0,46.47,0
CTB-00585,Servicios,330.65,229.64,26.0,9.1,1,24.39,0
CTB-00586,Servicios,337.42,250.24,30.0,10.6,0,14.12,0
CTB-00587,Tecnología,278.69,192.84,35.0,10.8,1,9.87,0
CTB-00588,Servicios,55.05,38.52,5.0,0.5,0,0.81,1
CTB-00589,Servicios,336.97,160.39,34.0,7.5,1,27.33,0
CTB-00590,Transporte,674.36,441.01,76.0,15.2,0,24.93,0
CTB-00591,Tecnología,52.6,30.64,5.0,2.5,0,9.77,0
CTB-00592,Comercio,613.77,333.91,74.0,15.8,0,55.63,0
CTB-00593,Servicios,304.19,193.82,37.0,9.5,3,20.12,0
CTB-00594,Servicios,1134.71,578.01,211.0,21.4,0,96.2,0
CTB-00595,Servicios,668.73,439.98,84.0,16.4,0,35.06,0
CTB-00596,Comercio,71.69,37.4,3.0,4.1,2,7.64,0
CTB-00597,Transporte,65.04,33.06,5.0,0.5,1,3.69,1
CTB-00598,Comercio,65.35,34.79,6.0,4.1,0,11.96,0
CTB-00599,Tecnología,267.99,160.87,26.0,12.7,2,20.26,1
CTB-00600,Comercio,271.24,181.53,37.0,9.2,0,13.88,0
CTB-00601,Servicios,310.21,225.76,,9.3,1,13.01,0
CTB-00602,Comercio,284.52,175.82,36.0,8.4,1,20.67,0
CTB-00603,Comercio,66.77,37.75,5.0,2.8,0,4.83,1
CTB-00604,Servicios,61.38,40.97,5.0,4.4,0,3.65,1
CTB-00605,Transporte,54.75,36.98,6.0,3.6,2,5.67,0
CTB-00606,Tecnología,60.84,44.38,6.0,2.0,1,6.08,0
CTB-00607,Comercio,55.56,33.76,4.0,4.8,1,0.0,1
CTB-00608,Servicios,677.45,379.47,62.0,17.9,0,53.1,0
CTB-00609,Manufactura,287.68,167.98,30.0,9.2,1,17.91,0
CTB-00610,Comercio,1242.2,786.69,158.0,25.8,0,88.26,0
CTB-00611,Servicios,782.19,511.05,77.0,17.6,2,45.75,0
CTB-00612,Servicios,1204.2,838.36,118.0,25.6,0,65.84,0
CTB-00613,Comercio,53.62,34.85,6.0,2.6,0,6.62,0
CTB-00614,Comercio,55.54,26.96,5.0,4.9,1,0.66,0
CTB-00615,Comercio,76.23,55.36,4.0,2.5,0,2.46,0
CTB-00616,Comercio,48.93,33.71,5.0,0.5,1,4.49,0
CTB-00617,Servicios,52.26,30.71,6.0,2.2,1,4.76,0
CTB-00618,Servicios,682.19,400.82,88.0,17.1,0,43.82,0
CTB-00619,Transporte,313.28,152.62,32.0,10.8,1,24.29,0
CTB-00620,Manufactura,321.96,246.36,40.0,10.3,1,4.81,0
CTB-00621,Transporte,59.54,39.06,5.0,3.3,1,1.76,0
CTB-00622,Servicios,1201.93,718.18,165.0,25.1,0,78.02,0
CTB-00623,Manufactura,351.08,216.46,26.0,13.1,0,20.56,0
CTB-00624,Comercio,60.55,33.61,6.0,2.2,0,7.45,0
CTB-00625,Servicios,74.97,42.02,4.0,3.1,1,4.14,0
CTB-00626,Tecnología,335.15,192.16,36.0,6.3,0,22.06,0
CTB-00627,Servicios,679.15,404.49,,15.6,1,50.13,1
CTB-00628,Comercio,616.29,420.73,77.0,19.0,0,34.51,0
CTB-00629,Comercio,743.45,513.15,80.0,16.6,1,44.06,0
CTB-00630,Comercio,81.32,57.43,6.0,2.8,3,3.99,1
CTB-00631,Manufactura,49.7,31.7,5.0,3.8,0,8.94,0
CTB-00632,Comercio,723.5,416.78,75.0,16.8,1,59.52,0
CTB-00633,Comercio,59.38,37.79,4.0,3.4,0,5.3,1
CTB-00634,Manufactura,282.66,139.67,36.0,12.1,1,18.08,0
CTB-00635,Tecnología,63.95,36.86,4.0,3.9,1,9.86,0
CTB-00636,Servicios,679.81,381.26,85.0,16.8,1,54.4,0
CTB-00637,Servicios,331.4,200.7,36.0,7.6,0,21.33,0
CTB-00638,Servicios,65.66,38.98,5.0,3.6,3,7.89,1
CTB-00639,Manufactura,64.23,35.54,5.0,3.1,1,6.16,0
CTB-00640,Tecnología,47.23,40.87,4.0,0.5,0,0.08,0
CTB-00641,Transporte,277.11,151.92,26.0,8.8,1,19.55,0
CTB-00642,comercio,282.02,157.3,22.0,5.1,1,24.93,0
CTB-00643,Comercio,303.89,159.1,22.0,10.2,1,27.23,0
CTB-00644,Comercio,317.21,191.06,35.0,10.2,0,23.5,0
CTB-00645,Manufactura,848.85,554.18,69.0,17.4,1,49.0,0
CTB-00646,Servicios,362.24,202.28,39.0,10.1,1,24.75,0
CTB-00647,Tecnología,769.14,447.15,66.0,15.1,0,56.7,0
CTB-00648,Tecnología,66.0,31.55,7.0,2.2,2,10.16,1
CTB-00649,Comercio,1396.15,740.52,137.0,23.3,1,129.51,0
CTB-00650,Comercio,55.13,24.42,4.0,0.5,0,6.84,0
CTB-00651,manufactura,1398.41,757.05,187.0,24.5,0,98.37,0
CTB-00652,Comercio,688.51,509.47,83.0,17.3,0,35.32,0
CTB-00653,Comercio,306.23,201.49,36.0,10.0,2,20.52,0
CTB-00654,Transporte,630.37,343.06,70.0,15.7,1,33.4,0
CTB-00655,Manufactura,1086.03,725.54,200.0,25.7,0,60.31,0
CTB-00656,Manufactura,61.2,36.06,6.0,2.7,2,0.0,0
CTB-00657,Servicios,63.58,38.87,4.0,2.6,1,4.59,1
CTB-00658,Transporte,567.47,458.69,46.0,13.8,0,14.11,0
CTB-00659,Servicios,807.86,582.96,70.0,16.7,0,36.02,0
CTB-00660,Manufactura,300.02,205.86,19.0,11.1,0,16.24,0
CTB-00661,Comercio,1065.97,578.21,95.0,23.6,1,92.67,0
CTB-00662,Manufactura,684.22,435.82,98.0,14.9,0,37.22,0
CTB-00663,Servicios,817.41,585.4,84.0,17.2,1,39.77,0
CTB-00664,Comercio,1198.74,765.27,153.0,24.4,1,83.6,0
CTB-00665,Servicios,1223.32,755.18,144.0,27.6,1,77.66,0
CTB-00666,Tecnología,284.13,190.04,26.0,9.5,1,19.12,1
CTB-00667,Comercio,778.39,557.86,87.0,15.8,0,36.54,0
CTB-00668,Transporte,746.23,430.65,60.0,17.5,1,37.93,0
CTB-00669,Manufactura,49.45,26.04,5.0,2.4,0,5.89,0
CTB-00670,Servicios,52.91,33.45,6.0,0.5,0,2.85,0
CTB-00671,Comercio,54.87,34.33,6.0,0.5,2,5.67,1
CTB-00672,Transporte,45.91,33.62,4.0,4.9,1,0.29,0
CTB-00673,Manufactura,296.29,215.41,,7.4,1,7.47,0
CTB-00674,Manufactura,628.29,361.6,93.0,15.6,1,36.86,0
CTB-00675,Servicios,1332.77,941.64,138.0,23.7,1,64.47,0
CTB-00676,Comercio,288.69,158.39,29.0,6.8,1,27.16,0
CTB-00677,Servicios,344.2,165.45,33.0,7.4,1,33.4,0
CTB-00678,Tecnología,52.39,29.16,6.0,1.7,1,3.86,1
CTB-00679,Manufactura,755.51,457.49,72.0,16.0,1,50.23,0
CTB-00680,Manufactura,58.06,29.66,5.0,3.8,3,12.16,1
CTB-00681,Servicios,279.7,189.33,22.0,10.0,1,14.04,0
CTB-00682,Comercio,319.64,194.26,24.0,10.5,0,19.2,0
CTB-00683,Tecnología,306.41,188.39,34.0,9.2,1,16.51,0
CTB-00684,manufactura,750.64,420.94,86.0,16.3,0,53.3,0
CTB-00685,Manufactura,307.17,216.44,26.0,9.7,0,10.43,0
CTB-00686,Servicios,58.33,35.2,5.0,3.4,1,1.35,0
CTB-00687,Comercio,53.03,35.77,3.0,2.2,2,1.59,1
CTB-00688,Servicios,59.79,39.05,4.0,1.0,1,4.05,0
CTB-00689,Comercio,267.63,170.97,25.0,8.1,0,10.93,0
CTB-00690,Transporte,1547.94,1007.8,195.0,23.8,1,62.91,0
CTB-00691,Servicios,75.77,42.59,5.0,3.4,0,6.38,0
CTB-00692,Tecnología,55.22,32.5,5.0,3.0,0,0.0,0
CTB-00693,Manufactura,64.7,43.24,3.0,4.9,0,2.51,0
CTB-00694,Servicios,69.38,39.43,6.0,1.8,1,3.73,0
CTB-00695,Servicios,64.93,39.61,7.0,0.5,3,7.91,0
CTB-00696,Servicios,60.31,24.99,6.0,0.5,0,6.91,0
CTB-00697,Servicios,843.33,486.73,84.0,15.2,0,60.55,0
CTB-00698,Comercio,68.05,35.16,7.0,1.5,3,6.89,1
CTB-00699,Comercio,56.42,27.01,4.0,2.8,0,0.55,0
CTB-00700,Tecnología,64.28,45.52,6.0,2.8,0,0.0,0
CTB-00701,Comercio,60.32,38.77,6.0,1.2,0,4.59,1
CTB-00702,Comercio,58.9,37.17,5.0,5.2,2,4.34,0
CTB-00703,Tecnología,273.74,192.78,33.0,7.6,1,9.17,0
CTB-00704, Manufactura ,66.22,33.71,3.0,5.6,0,6.66,0
CTB-00705,Manufactura,50.86,35.38,3.0,3.5,0,0.0,1
CTB-00706,Comercio,64.51,37.77,5.0,1.9,0,1.4,0
CTB-00707,Tecnología,339.9,187.55,30.0,9.3,0,33.22,0
CTB-00708,Manufactura,307.86,179.63,28.0,8.1,0,21.37,0
CTB-00709,Servicios,283.99,214.48,26.0,10.4,0,7.23,1
CTB-00710,servicios,68.19,34.57,6.0,3.0,1,7.87,0
CTB-00711,Comercio,58.37,30.96,6.0,1.8,0,11.04,0
CTB-00712,Servicios,790.25,407.84,97.0,15.4,0,62.06,0
CTB-00713,Comercio,64.47,37.72,4.0,4.5,1,9.51,1
CTB-00714,Servicios,67.05,33.91,5.0,2.2,1,3.55,0
CTB-00715,Comercio,59.13,37.2,5.0,3.3,3,0.0,1
CTB-00716,Manufactura,695.68,433.36,70.0,16.7,0,43.52,0
CTB-00717,Servicios,690.67,394.35,94.0,16.0,1,54.08,0
CTB-00718,Manufactura,66.92,46.9,6.0,4.3,0,4.97,0
CTB-00719,Manufactura,1388.81,851.09,185.0,23.1,0,83.79,0
CTB-00720,Servicios,765.13,416.92,68.0,17.3,1,58.93,0
CTB-00721,Servicios,274.56,146.99,24.0,7.4,0,17.14,0
CTB-00722,Manufactura,339.64,252.61,22.0,11.4,1,15.61,0
CTB-00723,Comercio,67.7,51.18,4.0,4.4,1,0.19,1
CTB-00724,Comercio,1370.42,778.04,146.0,24.6,2,115.04,0
CTB-00725,Comercio,685.83,401.82,98.0,16.9,1,51.11,0
CTB-00726,Comercio,56.26,33.46,4.0,3.5,0,4.11,1
CTB-00727,Servicios,56.74,38.42,5.0,2.7,0,5.88,0
CTB-00728,Comercio,46.35,23.9,5.0,1.6,1,9.96,0
CTB-00729,Manufactura,335.48,234.88,24.0,9.2,0,17.69,1
CTB-00730,Servicios,240.31,167.96,27.0,7.4,0,16.41,0
CTB-00731,Tecnología,55.3,29.79,5.0,2.8,2,3.68,1
CTB-00732,Manufactura,55.31,37.96,,0.5,2,4.65,0
CTB-00733,manufactura,277.92,157.55,26.0,8.0,0,15.92,0
CTB-00734,Tecnología,305.97,189.99,30.0,9.0,0,22.37,1
CTB-00735,Servicios,307.79,171.66,34.0,4.9,0,25.47,0
CTB-00736,Servicios,49.8,34.81,5.0,2.1,0,0.72,0
CTB-00737,Manufactura,56.1,29.23,6.0,3.3,1,3.09,0
CTB-00738,Comercio,54.76,37.97,4.0,2.8,1,8.53,0
CTB-00739,Comercio,1055.75,643.35,155.0,22.5,2,82.17,0
CTB-00740,Manufactura,657.36,406.35,94.0,15.0,0,34.55,0
CTB-00741,Comercio,299.71,183.16,26.0,8.9,0,19.84,0
CTB-00742,Servicios,1117.72,648.83,133.0,25.3,1,81.74,0
CTB-00743,Transporte,803.35,438.59,73.0,16.6,1,43.98,0
CTB-00744,Servicios,65.51,33.72,3.0,2.2,2,6.34,1
CTB-00745, Comercio ,61.73,38.19,5.0,3.3,1,4.09,0
CTB-00746,Comercio,55.6,32.62,5.0,1.4,1,0.47,1
CTB-00747,Servicios,1661.49,1025.84,143.0,23.6,1,110.47,0
CTB-00748,Servicios,629.65,405.52,92.0,18.9,0,37.78,0
CTB-00749,Comercio,53.37,30.53,5.0,1.9,1,0.0,0
CTB-00750,Comercio,65.42,34.5,4.0,2.8,2,8.67,0
CTB-00751,Manufactura,651.41,488.06,97.0,14.7,0,23.63,0
CTB-00752,Transporte,242.6,156.72,31.0,10.7,1,10.18,1
CTB-00753,Servicios,59.01,34.55,5.0,2.7,1,5.52,0
CTB-00754,Comercio,687.68,480.75,84.0,16.1,0,46.17,0
CTB-00755,Transporte,54.29,30.74,4.0,3.0,1,3.03,0
CTB-00756,Comercio,275.14,165.78,33.0,12.0,1,16.63,0
CTB-00757,Manufactura,327.64,191.55,26.0,7.2,0,32.03,0
CTB-00758,Servicios,328.26,188.05,,9.7,1,20.83,0
CTB-00759,Comercio,716.13,446.38,62.0,20.8,1,50.46,0
CTB-00760,Manufactura,259.05,156.22,32.0,8.5,3,13.98,1
CTB-00761,Servicios,257.16,121.05,33.0,12.4,0,27.79,0
CTB-00762,Manufactura,285.11,177.56,25.0,9.9,1,19.7,1
CTB-00763,Servicios,56.56,34.24,5.0,2.0,3,7.43,1
CTB-00764,Transporte,70.26,47.54,4.0,3.8,1,9.02,0
CTB-00765,Comercio,290.32,159.97,24.0,8.6,0,30.36,0
CTB-00766,Comercio,306.27,202.38,25.0,9.1,1,16.17,1
CTB-00767,Comercio,308.44,202.15,23.0,8.9,1,22.77,0
CTB-00768,Tecnología,64.11,32.93,4.0,2.9,1,5.74,1
CTB-00769,Comercio,333.8,175.04,39.0,10.8,0,34.04,0
CTB-00770,Manufactura,272.51,127.15,35.0,7.2,1,22.65,0
CTB-00771,Manufactura,59.24,46.38,5.0,2.8,0,4.61,0
CTB-00772,Tecnología,720.71,345.14,88.0,17.4,1,62.52,0
CTB-00773,Manufactura,362.89,246.43,31.0,9.7,1,17.82,0
CTB-00774,Servicios,671.62,394.73,82.0,16.6,1,49.07,0
CTB-00775,Comercio,564.17,358.22,80.0,15.6,1,39.04,0
CTB-00776,Manufactura,616.58,439.26,85.0,13.9,1,37.12,0
CTB-00777,Servicios,722.26,404.82,81.0,17.7,2,61.48,1
CTB-00778,Servicios,53.45,36.02,5.0,2.2,0,0.0,0
CTB-00779,Comercio,65.86,42.7,5.0,5.1,2,2.55,1
CTB-00780,Comercio,649.28,466.35,,14.1,2,28.44,0
CTB-00781,Comercio,296.66,167.88,32.0,10.0,1,20.78,0
CTB-00782,Transporte,291.92,221.93,28.0,9.2,1,11.46,0
CTB-00783,Comercio,271.12,152.86,30.0,8.9,0,17.25,0
CTB-00784,Servicios,259.16,145.67,31.0,8.5,0,12.46,0
CTB-00785,Tecnología,293.82,198.94,30.0,12.7,0,16.92,0
CTB-00786,Comercio,288.25,192.21,30.0,5.9,1,13.54,0
CTB-00787,Comercio,597.95,372.65,88.0,16.9,0,37.5,0
CTB-00788,Servicios,590.98,338.36,86.0,17.9,0,41.58,0
CTB-00789,Tecnología,316.79,205.4,22.0,9.9,3,22.79,1
CTB-00790,Comercio,270.32,181.76,23.0,8.6,0,11.34,0
CTB-00791,Manufactura,63.32,37.14,3.0,4.7,1,2.55,0
CTB-00792,Comercio,683.1,387.3,65.0,16.0,2,53.92,0
CTB-00793,Comercio,619.78,490.38,42.0,16.8,0,20.02,0
CTB-00794,Manufactura,835.82,624.81,83.0,16.3,0,29.4,0
CTB-00795,Servicios,664.39,424.27,95.0,18.3,0,43.3,1
CTB-00796,Tecnología,1192.62,774.46,147.0,25.6,1,72.41,0
CTB-00797,Tecnología,66.0,35.33,5.0,2.0,1,8.14,0
CTB-00798,Comercio,767.29,471.55,76.0,15.3,1,49.68,0
CTB-00799,Tecnología,62.59,40.75,6.0,4.7,0,1.94,0
CTB-00800,Servicios,846.34,571.6,66.0,17.5,1,46.77,0
