valor_cif,diferencia_precio_pct,correcciones_previas,antiguedad_importador_anios,requiere_revision
157.05,14.98,1,2.1,0
93.39,3.03,1,4.7,0
173.13,4.36,2,10.6,1
142.5,28.92,0,1.3,1
27.89,13.88,0,18.6,0
195.37,3.53,2,2.5,0
154.62,12.87,2,4.0,0
159.35,8.57,1,15.3,0
34.34,23.97,0,1.9,1
95.57,14.12,1,18.0,0
80.45,10.05,1,14.5,0
186.09,2.83,0,1.4,0
132.33,19.33,0,13.8,0
166.32,14.67,1,12.6,0
94.25,2.99,0,15.1,0
53.18,21.86,1,16.6,0
115.37,19.82,0,14.4,1
22.13,15.37,0,11.7,0
167.25,5.08,0,6.4,0
130.02,6.25,0,13.9,0
154.04,9.75,1,19.1,0
77.36,2.9,2,11.8,0
194.43,21.3,0,13.3,1
179.69,6.18,0,8.7,0
157.89,6.93,1,15.1,0
46.98,15.29,3,20.0,1
98.68,7.53,1,3.2,0
18.32,7.64,1,4.0,0
39.32,6.49,3,10.8,0
139.78,9.16,2,9.6,0
151.5,5.38,2,11.4,0
193.83,20.23,1,1.0,1
71.91,6.46,0,8.1,0
80.39,12.41,0,11.7,0
99.22,2.82,0,11.7,0
46.0,17.08,2,13.1,0
34.69,5.36,1,14.4,0
100.38,9.68,3,12.8,0
53.11,15.39,0,15.8,0
137.26,8.57,1,12.5,0
93.06,2.9,1,10.8,0
168.21,7.37,1,12.1,0
143.05,17.41,0,2.0,1
69.35,5.29,1,5.5,0
168.13,0.39,0,10.5,0
162.91,3.23,1,17.5,0
83.62,7.44,0,13.6,0
64.78,5.65,2,1.8,1
139.67,6.4,3,11.8,0
36.55,4.94,0,4.4,0
47.98,16.35,2,14.7,1
11.4,12.49,1,16.5,0
159.52,28.95,0,11.9,1
136.32,19.33,2,11.8,1
143.98,30.59,2,6.8,1
158.34,4.86,1,8.9,1
97.19,23.24,1,17.3,0
118.06,3.73,1,14.5,0
36.56,3.43,1,10.4,0
31.76,2.28,0,7.4,0
137.0,13.36,2,1.0,0
99.51,6.95,3,2.9,1
117.39,6.29,2,3.9,0
155.35,17.93,0,7.5,0
130.6,8.39,2,18.9,0
115.18,24.63,2,10.1,1
116.25,2.06,1,4.7,0
67.75,4.05,0,2.1,0
15.86,1.7,2,6.8,0
92.98,7.38,0,16.3,0
50.77,20.77,1,7.7,1
87.62,1.97,1,15.5,0
172.15,4.69,1,16.1,0
54.45,22.17,1,2.2,1
21.08,2.09,1,12.2,0
63.46,20.01,1,19.2,0
65.78,13.24,0,8.0,0
135.76,7.05,0,1.0,0
115.84,3.83,0,18.5,0
158.94,10.43,0,17.7,0
136.22,2.13,0,10.4,0
87.21,14.55,2,11.0,1
164.66,3.89,1,4.2,0
41.72,20.3,2,16.4,1
14.32,0.21,1,10.0,0
27.11,10.83,0,0.7,0
147.25,4.11,3,13.7,0
97.76,0.98,1,19.0,0
40.64,20.47,1,16.6,0
105.2,19.39,2,5.5,1
38.94,5.78,0,1.1,0
142.3,6.27,1,18.8,0
94.77,30.78,2,18.7,1
82.39,9.42,1,10.6,0
67.29,3.27,0,12.8,0
129.75,8.57,1,9.3,0
78.74,15.8,0,8.4,0
26.65,10.03,0,2.4,0
32.42,4.19,1,1.9,0
192.76,28.59,6,4.7,1
182.63,5.04,2,16.7,0
142.94,4.65,3,2.9,1
60.52,2.0,1,4.5,0
194.14,9.8,0,11.0,0
157.96,7.5,1,4.3,0
146.21,15.02,0,3.3,1
95.38,6.26,1,11.3,0
61.73,5.22,2,7.4,0
28.31,5.75,0,12.5,0
181.49,9.49,0,18.2,0
96.6,17.98,1,3.0,1
48.45,5.51,3,18.3,0
68.13,5.1,0,18.0,0
120.05,3.77,0,16.6,0
43.59,2.95,0,12.6,0
172.76,11.42,0,12.4,0
154.12,27.02,2,12.8,1
146.7,9.92,1,13.8,1
92.1,9.39,4,0.3,1
129.19,27.84,0,19.2,0
120.98,11.56,0,11.7,0
133.47,10.98,2,15.6,0
26.04,2.41,2,7.5,1
89.0,13.36,0,0.2,0
17.91,2.94,2,10.2,0
103.86,12.37,0,10.1,0
72.67,0.68,1,8.7,0
37.46,12.59,1,6.8,0
29.65,11.71,0,5.0,1
121.65,10.93,1,10.6,0
42.41,6.7,1,7.5,0
185.77,2.66,2,19.4,0
120.4,7.77,1,3.5,0
75.91,0.16,1,6.4,0
122.27,8.42,1,5.9,1
14.33,12.42,3,10.9,1
192.13,0.15,0,10.0,0
101.64,2.53,3,12.9,0
158.72,14.59,2,19.0,1
25.72,18.76,0,5.7,1
102.47,8.23,3,13.9,0
103.23,4.21,1,0.5,1
188.19,12.27,2,5.2,1
118.63,1.15,0,9.3,0
99.96,13.54,1,0.6,1
60.73,27.37,0,12.4,0
73.0,17.96,3,13.6,0
108.93,11.07,0,14.9,0
93.39,17.53,1,10.3,0
14.11,3.39,0,12.1,0
167.0,9.21,0,7.9,0
180.27,13.68,2,0.8,1
36.65,13.43,1,2.0,1
115.27,5.37,0,13.1,0
30.63,0.7,1,19.9,0
137.73,6.58,0,0.3,0
63.43,2.25,0,11.2,0
135.29,3.34,0,15.0,0
148.13,1.9,2,16.5,0
156.04,9.33,2,10.9,0
30.47,9.68,1,12.4,1
184.04,19.44,1,13.9,0
53.74,26.97,0,17.2,1
17.11,12.02,0,2.4,1
115.42,14.25,1,18.5,0
80.48,12.25,0,0.5,0
167.66,22.32,1,16.7,1
163.57,1.19,0,1.5,0
70.26,11.17,0,3.9,0
191.05,21.57,1,0.1,1
65.27,6.2,1,8.9,0
107.86,4.46,2,6.7,0
58.63,10.72,3,3.3,0
187.85,0.14,3,9.0,1
41.28,3.59,0,8.0,0
18.53,12.18,0,15.4,0
92.67,24.59,1,17.9,1
198.55,21.42,1,13.1,1
179.42,13.63,2,2.5,1
152.24,11.05,0,5.9,0
179.25,10.26,5,18.3,1
179.75,7.68,1,1.8,0
108.58,5.31,2,8.1,1
70.03,15.0,1,18.9,0
156.68,7.62,0,19.0,0
135.72,8.88,0,8.2,0
80.99,7.64,0,13.3,0
27.95,4.09,2,9.1,0
151.89,21.4,1,15.1,0
59.87,1.0,0,0.6,0
187.99,6.67,1,2.9,0
55.78,15.36,1,12.3,1
33.32,20.18,2,4.7,1
167.91,20.75,0,13.3,1
39.12,16.31,1,7.0,1
44.06,3.06,1,17.7,0
123.88,16.21,0,16.4,0
176.17,0.14,2,9.9,0
47.32,2.43,1,15.5,0
68.96,13.12,0,5.4,1
157.71,4.76,2,9.9,0
194.65,0.72,0,3.9,0
105.14,15.63,2,17.2,1
37.34,0.61,1,16.5,0
12.65,0.96,1,18.0,0
53.63,21.57,0,17.5,0
35.05,10.73,1,19.2,0
138.76,0.14,4,4.6,0
33.15,2.99,2,18.6,0
106.2,0.53,2,11.4,0
141.91,2.43,1,8.4,0
120.41,12.99,0,11.2,0
47.96,1.81,1,6.9,0
162.78,8.95,3,5.8,1
145.93,15.0,0,4.8,0
150.41,6.13,0,1.6,0
34.9,4.7,0,9.9,0
33.51,21.44,2,17.8,1
186.24,1.47,1,12.6,0
85.54,11.95,0,10.4,0
67.18,12.71,0,8.6,0
102.83,12.31,2,9.3,0
135.94,0.47,3,4.2,0
191.57,10.14,0,16.5,0
64.42,13.0,1,4.0,1
185.71,4.14,2,14.3,0
14.72,4.55,3,15.2,0
115.49,15.45,2,11.5,0
130.46,13.2,2,17.3,1
30.12,1.59,0,5.8,0
36.66,14.93,0,17.6,0
89.63,3.83,1,14.6,0
193.58,2.61,1,16.0,0
123.25,2.42,2,13.3,0
187.27,6.93,2,16.9,0
162.83,3.03,0,19.9,0
98.8,6.05,5,8.4,1
159.11,7.54,1,16.3,0
13.39,3.74,1,14.9,0
30.74,4.82,1,9.1,1
167.59,2.93,0,18.5,0
161.4,3.28,1,7.9,0
54.2,13.67,2,11.3,1
110.85,5.77,1,2.1,0
125.14,17.25,2,4.5,1
174.87,13.94,0,16.8,1
124.59,25.4,0,7.9,1
88.39,22.34,2,7.9,1
81.09,0.35,0,4.9,0
90.92,0.37,0,9.8,0
133.87,1.41,1,16.1,0
174.82,14.57,2,17.9,1
96.24,32.07,1,1.4,1
57.09,4.75,3,11.5,0
54.97,18.74,2,9.3,1
151.74,13.53,0,12.3,0
165.15,4.56,0,8.9,0
30.0,9.03,3,8.0,0
22.65,10.73,1,9.4,0
122.94,3.92,1,11.6,0
37.77,17.13,0,10.0,0
166.69,22.05,2,9.4,1
68.96,4.03,1,16.4,0
37.34,22.86,3,14.9,1
184.98,0.43,0,6.8,0
41.45,21.04,0,16.0,0
64.1,1.12,0,17.1,0
39.19,1.57,0,3.1,0
31.94,4.39,0,11.7,0
14.02,38.15,1,5.7,1
20.53,10.22,0,14.8,0
43.18,8.49,3,4.8,0
20.14,11.63,2,13.4,0
122.32,4.34,1,5.1,1
139.34,5.88,0,10.2,0
84.79,10.9,1,19.0,0
70.42,0.37,1,7.6,0
105.86,3.34,0,17.5,0
176.25,0.17,0,19.7,0
171.72,4.04,1,17.5,0
18.26,5.1,2,3.3,0
44.48,23.24,1,16.4,0
54.98,8.0,0,0.6,0
57.38,11.78,2,7.9,0
118.53,17.31,1,17.4,1
89.09,0.7,1,13.8,0
19.36,1.01,2,10.7,0
80.99,8.32,2,7.8,1
109.51,9.97,0,16.2,0
29.32,16.11,1,14.2,0
168.36,4.88,0,9.4,0
19.87,7.02,0,17.8,0
185.72,0.56,1,4.6,1
28.83,3.35,0,3.4,0
170.28,12.09,2,12.9,1
181.5,8.69,1,19.4,0
196.12,0.76,2,4.9,0
162.38,22.7,1,5.0,1
158.1,23.5,1,2.8,1
132.07,0.15,1,17.2,0
158.01,2.65,2,4.5,1
35.56,1.24,2,10.1,0
111.85,0.34,0,19.8,0
107.7,2.71,0,0.2,0
172.94,11.37,0,11.1,0
97.93,13.33,1,10.2,1
83.17,14.06,1,16.1,0
131.52,13.12,1,7.1,0
60.63,3.47,1,8.2,0
36.56,14.94,1,3.4,0
100.8,5.18,1,14.8,0
89.21,30.02,1,15.7,1
54.19,20.45,2,2.7,1
79.83,10.0,2,7.9,0
79.61,6.69,0,17.9,0
72.22,4.9,0,0.1,0
82.1,0.46,0,6.0,0
140.29,3.74,3,11.1,1
66.41,12.59,3,6.7,1
190.28,8.11,2,5.4,1
184.11,10.35,4,9.2,1
101.37,5.75,0,3.6,0
72.39,18.43,0,10.6,0
111.73,4.68,1,14.1,0
171.23,1.23,1,11.5,0
133.99,1.77,1,1.9,0
162.83,19.06,0,16.9,0
111.22,7.47,0,3.5,0
130.25,24.72,0,15.3,1
64.75,2.71,0,7.2,0
149.63,15.32,2,15.7,0
48.46,0.84,2,4.1,0
142.01,12.91,0,3.7,0
173.54,9.02,0,9.9,0
35.1,4.76,1,0.7,0
126.73,6.67,0,4.5,1
28.07,7.47,0,14.5,0
147.89,11.85,1,16.7,1
26.05,13.89,1,1.6,1
187.83,17.24,1,17.6,0
36.11,6.35,1,16.0,0
192.19,16.36,2,17.4,0
162.17,22.57,0,14.0,1
122.8,3.81,2,13.5,0
158.7,10.4,0,10.5,0
161.07,1.43,2,13.1,0
189.75,6.86,2,18.4,0
58.14,1.99,1,2.0,0
122.11,22.59,0,6.3,1
28.06,2.04,0,1.4,0
127.07,4.97,0,18.9,0
42.55,2.79,1,8.9,0
117.34,0.91,1,13.5,0
118.76,0.07,3,16.8,0
98.54,5.38,0,19.8,0
109.3,13.98,1,3.2,0
155.15,19.77,0,16.0,1
161.86,3.72,0,17.7,0
103.51,7.07,0,1.0,0
123.92,13.81,1,15.1,0
186.93,1.05,0,7.1,0
32.75,11.28,2,13.0,1
32.25,10.39,1,10.3,0
26.66,2.54,2,5.2,0
134.99,10.64,4,2.7,0
89.54,5.89,0,2.3,0
157.12,14.4,2,2.1,0
137.53,3.47,1,12.8,0
73.39,4.27,0,7.0,0
180.69,4.03,1,4.3,0
154.88,35.17,2,13.8,1
61.4,4.59,1,13.7,0
79.2,43.78,2,10.8,1
69.74,20.68,0,18.7,0
39.95,5.42,0,7.7,0
38.08,5.73,2,16.7,0
187.86,13.95,0,1.5,0
93.2,8.55,1,14.8,0
82.83,16.45,1,19.8,1
148.64,5.81,2,16.9,0
115.07,26.92,2,11.6,1
187.87,0.02,0,12.5,0
158.26,4.9,1,7.1,0
101.08,19.4,0,13.6,0
81.51,1.57,1,15.4,0
197.46,12.03,0,20.0,0
146.37,1.32,0,9.8,0
190.73,0.43,3,1.2,0
32.51,16.38,2,11.9,0
171.6,3.07,2,2.4,0
131.04,8.91,0,4.9,0
33.17,11.09,1,6.6,0
121.77,0.42,0,14.6,0
140.36,3.39,0,3.7,0
12.34,1.27,1,3.3,0
96.32,2.68,1,0.9,0
166.83,7.4,0,17.5,0
66.12,12.0,1,13.9,0
97.12,12.5,1,0.8,1
94.04,13.26,0,0.6,1
67.37,4.95,0,11.2,0
184.5,17.0,1,5.7,1
158.45,5.33,1,11.9,0
31.01,5.56,1,8.7,1
199.44,18.37,0,18.5,0
177.05,2.75,1,5.8,0
63.94,8.83,1,13.6,0
169.01,4.49,2,1.1,0
30.22,7.58,2,19.1,0
199.83,16.85,4,19.6,1
136.48,3.97,1,14.8,0
133.52,3.63,0,9.3,0
27.18,5.79,0,4.4,0
180.44,10.45,1,16.3,0
15.51,17.75,2,14.7,0
55.76,21.53,2,4.4,1
37.17,15.78,0,9.0,0
157.59,1.32,0,9.3,0
47.66,4.23,1,16.5,0
183.02,9.2,1,13.7,1
134.69,1.45,2,12.9,0
16.87,1.57,1,13.0,0
11.03,9.89,2,5.4,1
19.82,0.71,0,7.4,1
125.13,8.75,1,0.9,0
162.28,4.97,2,15.7,0
55.33,7.61,0,8.7,0
171.39,0.04,0,8.8,0
20.87,4.08,1,4.9,0
162.18,8.04,1,4.2,0
186.28,4.5,1,11.8,0
156.7,9.07,0,4.7,0
142.64,4.55,0,1.3,0
169.22,14.82,1,15.4,0
17.63,17.31,0,7.5,0
48.34,6.01,2,7.6,0
33.74,19.86,1,8.6,1
105.86,12.54,0,16.3,1
151.59,12.25,1,6.4,1
129.7,0.63,0,15.2,0
171.71,3.29,1,18.8,0
39.49,4.04,3,13.2,0
149.58,7.44,2,8.6,0
46.68,4.08,0,15.0,0
61.44,3.79,1,9.2,0
144.88,4.92,0,8.3,0
196.24,7.39,1,10.5,0
126.19,25.3,1,6.4,1
20.36,4.37,0,2.1,0
127.1,26.16,0,8.3,1
18.05,0.43,0,2.5,0
177.99,0.06,0,8.2,0
144.82,12.55,0,11.1,0
42.89,14.25,0,18.6,0
27.43,2.43,0,0.7,0
44.87,6.0,1,12.4,0
196.21,5.82,0,9.2,0
97.13,6.34,0,0.4,0
158.98,0.02,0,5.0,0
130.92,11.83,0,2.4,0
118.76,6.69,0,4.3,0
37.57,9.67,3,5.5,0
189.74,8.13,1,8.0,0
67.26,11.46,4,10.6,0
119.82,11.69,2,0.0,1
142.96,8.38,1,3.2,0
133.35,1.22,2,1.9,0
188.71,9.15,1,11.0,0
38.2,10.31,3,6.6,1
106.59,6.45,0,11.0,0
86.77,6.51,0,4.4,0
100.09,11.47,1,0.5,0
32.65,5.25,1,18.8,0
35.48,14.9,1,2.2,1
62.83,2.45,1,2.5,0
67.89,1.32,2,2.9,0
91.3,29.34,1,19.6,1
126.09,16.53,0,12.4,0
130.58,17.66,1,12.2,0
88.24,1.8,0,19.7,0
87.67,4.93,1,1.8,0
51.35,1.42,1,19.5,0
121.78,5.34,4,4.1,0
70.24,1.84,1,12.5,0
16.85,17.45,2,8.4,0
89.5,5.48,1,7.7,0
100.09,13.59,2,18.6,0
52.86,7.73,2,3.0,1
118.77,0.72,1,19.9,0
117.5,12.86,1,7.6,0
143.38,5.46,2,13.0,0
133.11,17.34,0,19.4,0
133.96,0.93,2,1.2,0
70.08,2.36,0,18.5,0
159.61,13.38,0,11.4,0
114.34,2.75,3,14.1,0
91.97,19.11,1,3.0,1
128.94,10.95,0,10.7,0
78.52,2.72,2,13.5,0
107.42,15.83,0,9.1,0
149.97,33.71,1,3.1,1
178.42,7.04,0,4.9,0
185.0,17.22,1,17.1,1
105.69,2.93,1,0.7,0
108.85,1.81,0,14.2,0
161.98,5.19,1,20.0,0
69.75,0.74,1,0.1,0
169.1,1.32,3,3.2,1
103.89,4.9,0,13.5,0
32.01,16.78,1,1.2,1
23.69,18.52,0,11.8,0
169.98,7.84,0,13.7,0
20.56,3.32,1,11.8,0
63.32,7.15,1,7.3,0
73.48,0.1,0,13.9,0
42.87,9.54,1,11.9,1
69.64,2.16,0,4.2,1
151.11,7.87,2,11.3,0
12.79,14.72,2,17.6,1
167.16,18.95,2,13.3,1
172.74,5.93,1,9.4,0
80.73,11.68,2,6.4,1
39.19,14.9,1,1.7,0
124.16,13.56,2,4.9,1
32.74,7.37,2,0.2,1
79.33,7.18,3,19.7,0
192.1,6.24,1,4.4,0
199.14,13.17,2,16.3,0
156.7,8.41,0,3.4,0
69.08,16.27,0,5.7,0
140.66,9.54,1,8.4,0
144.03,15.64,0,6.5,0
83.69,10.08,2,16.0,0
131.77,17.85,0,19.2,1
12.04,3.26,3,17.5,0
49.72,13.83,0,3.1,0
109.77,2.89,0,15.5,0
41.11,1.22,1,3.0,0
41.52,0.95,0,18.3,0
168.9,13.6,3,10.4,1
197.94,4.34,1,6.7,0
115.63,4.22,0,3.1,0
169.42,11.86,1,0.2,0
198.16,5.4,3,5.0,0
36.9,0.04,1,18.3,0
95.17,9.0,0,15.9,0
84.59,2.83,0,19.4,0
25.21,2.21,0,2.0,0
153.51,3.24,2,11.8,0
92.42,21.26,0,5.1,0
99.17,1.18,0,10.9,0
38.63,2.93,1,6.4,0
44.38,25.17,0,5.7,1
182.35,10.73,1,11.5,0
18.48,3.16,0,3.7,0
54.24,8.23,1,9.4,0
65.49,16.58,1,13.0,1
103.14,1.98,1,2.6,0
121.42,15.46,1,18.6,0
103.73,0.74,1,10.1,0
25.98,0.45,1,16.4,0
56.3,1.07,0,13.1,0
170.28,0.05,0,14.2,0
131.14,20.63,1,14.3,0
133.34,27.84,1,17.5,1
137.34,24.02,2,12.3,1
154.95,6.52,0,5.6,0
21.04,0.17,0,2.0,0
79.66,8.28,1,12.1,0
112.51,5.68,1,1.3,0
74.31,4.61,2,4.8,0
170.45,12.23,1,1.2,1
101.69,12.36,1,11.0,0
156.04,2.21,2,3.2,0
171.88,11.55,1,12.2,0
105.91,3.27,1,15.8,0
182.81,6.74,1,16.4,0
121.55,8.37,0,6.2,0
171.55,1.33,0,11.0,0
74.71,0.02,0,11.3,0
104.78,17.68,0,9.5,0
110.97,29.41,0,13.1,0
29.95,17.01,2,4.2,0
85.72,14.24,2,19.6,0
184.29,4.36,0,2.0,0
129.86,3.06,0,16.6,0
43.73,18.09,0,11.9,1
74.38,11.82,2,4.9,1
46.4,10.33,1,14.9,0
14.72,29.49,2,1.7,1
186.22,21.62,0,15.5,1
95.16,4.94,2,11.8,0
68.43,4.36,0,2.2,0
123.71,13.79,0,1.6,1
11.39,22.9,1,15.0,1
62.82,1.4,4,5.9,0
143.58,11.97,1,17.8,0
130.42,1.02,0,15.2,0
196.54,19.2,3,14.0,0
127.87,9.14,1,5.6,0
