valor_cif,peso_toneladas,tributos
157.05,23.59,41.45
93.39,4.9,18.01
173.13,16.55,38.87
142.5,15.91,24.79
27.89,25.87,11.9
195.37,14.42,40.05
154.62,12.17,29.48
159.35,19.55,38.65
34.34,8.73,15.66
95.57,5.05,15.69
80.45,14.86,17.91
186.09,13.09,39.44
132.33,7.74,31.75
166.32,11.66,30.93
94.25,11.63,22.36
53.18,10.5,19.23
115.37,12.0,20.61
22.13,20.89,8.49
167.25,9.61,32.68
130.02,28.52,33.25
154.04,27.57,41.19
77.36,14.95,20.63
194.43,10.52,33.88
179.69,16.53,40.5
157.89,25.61,36.93
46.98,19.93,20.25
98.68,24.33,25.61
18.32,16.45,7.97
39.32,19.35,16.44
139.78,9.36,31.19
151.5,22.31,37.54
193.83,6.87,32.58
71.91,21.15,23.02
80.39,25.96,21.75
99.22,4.83,20.5
46.0,18.82,11.54
34.69,3.76,9.09
100.38,22.05,24.47
53.11,3.45,7.09
137.26,28.14,38.11
93.06,4.98,19.47
168.21,28.81,39.96
143.05,24.23,39.79
69.35,18.22,18.45
168.13,23.7,39.84
162.91,24.06,39.75
83.62,28.43,24.57
64.78,8.35,16.41
139.67,18.11,30.79
36.55,3.76,6.85
47.98,18.87,20.27
11.4,5.97,1.32
159.52,17.38,28.43
136.32,17.6,36.41
143.98,14.51,39.37
158.34,16.16,33.75
97.19,23.15,20.95
118.06,24.18,29.99
36.56,15.27,11.83
31.76,18.39,12.5
137.0,28.01,32.52
99.51,4.47,21.44
117.39,4.4,24.46
155.35,3.54,24.9
130.6,20.08,33.64
115.18,13.14,32.15
116.25,23.46,30.82
67.75,20.47,19.37
15.86,10.68,6.7
92.98,27.05,29.4
50.77,23.11,13.19
87.62,8.85,19.8
172.15,11.56,34.44
54.45,10.12,19.39
21.08,5.57,5.5
63.46,5.29,18.54
65.78,28.15,19.79
135.76,13.7,31.68
115.84,12.12,26.66
158.94,22.16,34.87
136.22,17.04,31.87
87.21,28.15,30.6
164.66,23.63,38.12
41.72,14.9,8.4
14.32,11.91,7.29
27.11,29.61,14.02
147.25,21.82,34.2
97.76,28.58,28.79
40.64,4.44,3.97
105.2,25.67,24.35
38.94,19.48,16.25
142.3,4.54,25.86
94.77,18.06,16.59
82.39,20.9,25.54
67.29,1.36,13.47
129.75,14.18,26.88
78.74,24.94,20.2
26.65,9.57,11.13
32.42,14.3,12.6
192.76,13.83,47.38
182.63,9.76,38.04
142.94,27.63,37.95
60.52,23.66,19.85
194.14,4.21,39.08
157.96,29.91,42.27
146.21,26.5,40.67
95.38,9.23,19.3
61.73,25.27,19.91
28.31,4.09,5.29
181.49,29.97,47.03
96.6,20.3,30.0
48.45,19.85,15.29
68.13,3.62,12.44
120.05,27.01,33.36
43.59,1.84,7.84
172.76,7.98,37.15
154.12,5.15,23.05
146.7,23.53,33.34
92.1,6.75,16.93
129.19,27.41,27.26
120.98,20.03,26.9
133.47,2.05,22.1
26.04,1.16,4.55
89.0,2.5,20.36
17.91,18.57,9.92
103.86,24.24,25.3
72.67,7.92,16.08
37.46,25.63,20.14
29.65,2.66,3.47
121.65,24.23,28.86
42.41,27.91,20.47
185.77,23.39,42.13
120.4,21.25,32.11
75.91,25.3,23.74
122.27,2.16,24.98
14.33,6.85,2.22
192.13,4.62,36.4
101.64,15.63,23.92
158.72,22.61,33.97
25.72,19.27,7.65
102.47,25.68,30.77
103.23,5.5,19.73
188.19,22.3,39.73
118.63,6.6,23.7
99.96,8.85,24.92
60.73,21.59,12.72
73.0,29.43,20.42
108.93,18.73,24.33
93.39,2.58,22.23
14.11,18.87,10.94
167.0,2.23,33.25
180.27,26.64,39.68
36.65,21.58,11.87
115.27,6.02,24.5
30.63,3.66,7.15
137.73,6.32,28.97
63.43,29.42,22.62
135.29,14.3,30.91
148.13,23.74,36.63
156.04,19.46,38.2
30.47,17.6,14.95
184.04,5.21,30.35
53.74,28.43,14.31
17.11,9.74,9.98
115.42,17.76,31.44
80.48,21.29,19.94
167.66,19.83,32.53
163.57,28.28,41.05
70.26,5.3,17.56
191.05,15.74,46.08
65.27,12.72,18.39
107.86,14.75,24.2
58.63,4.46,9.66
187.85,4.89,35.8
41.28,9.06,10.16
18.53,9.84,4.23
92.67,13.41,28.19
198.55,18.72,48.58
179.42,19.4,43.47
152.24,12.94,29.82
179.25,12.85,39.97
179.75,7.31,37.2
108.58,18.06,28.1
70.03,10.19,20.43
156.68,2.05,30.93
135.72,13.13,31.9
80.99,14.75,22.39
27.95,7.54,9.07
151.89,17.6,29.03
59.87,17.41,17.99
187.99,21.36,40.71
55.78,19.79,14.12
33.32,19.92,19.01
167.91,10.17,39.48
39.12,23.84,20.65
44.06,16.93,15.47
123.88,13.51,31.76
176.17,19.15,39.41
47.32,11.46,13.71
68.96,15.87,15.48
157.71,22.36,38.52
194.65,26.71,45.9
105.14,27.71,26.1
37.34,15.61,12.81
12.65,16.09,8.47
53.63,24.2,24.73
35.05,10.12,13.04
138.76,25.28,35.12
33.15,15.33,12.85
106.2,4.36,20.99
141.91,3.09,26.17
120.41,25.42,28.59
47.96,2.61,9.22
162.78,9.14,30.72
145.93,10.69,26.79
150.41,6.02,31.01
34.9,10.1,11.5
33.51,22.54,9.69
186.24,1.43,33.72
85.54,24.99,28.38
67.18,25.84,25.61
102.83,11.8,26.31
135.94,5.45,26.77
191.57,18.42,39.32
64.42,4.47,10.13
185.71,11.58,39.1
14.72,28.79,15.31
115.49,29.87,36.6
130.46,23.39,36.14
30.12,10.02,9.03
36.66,20.94,11.24
89.63,21.46,23.76
193.58,12.25,40.4
123.25,19.59,29.41
187.27,1.31,32.5
162.83,7.06,32.89
98.8,16.23,22.76
159.11,5.75,29.05
13.39,5.81,5.67
30.74,25.25,14.43
167.59,29.68,42.77
161.4,17.12,36.72
54.2,25.33,16.47
110.85,29.72,30.4
125.14,5.11,28.88
174.87,14.0,33.59
124.59,12.38,21.03
88.39,3.32,11.65
81.09,22.9,23.85
90.92,13.58,21.89
133.87,14.61,29.59
174.82,5.37,37.26
96.24,6.25,11.8
57.09,27.31,22.39
54.97,2.29,15.5
151.74,7.75,27.03
165.15,9.47,32.38
30.0,15.22,9.23
22.65,18.01,8.6
122.94,15.31,27.27
37.77,3.44,12.46
166.69,8.07,38.74
68.96,25.46,21.59
37.34,19.49,20.23
184.98,19.83,41.33
41.45,20.44,20.9
64.1,23.12,20.51
39.19,2.69,8.52
31.94,11.63,11.5
14.02,16.65,18.72
20.53,10.82,10.57
43.18,25.49,15.85
20.14,14.99,12.53
122.32,23.29,30.25
139.34,25.71,33.89
84.79,15.64,24.24
70.42,27.38,23.72
105.86,18.03,27.1
176.25,25.66,42.03
171.72,10.88,36.27
18.26,15.47,10.75
44.48,16.41,8.76
54.98,4.04,13.51
57.38,12.56,12.41
118.53,27.6,28.05
89.09,19.29,23.58
19.36,6.15,6.2
80.99,10.83,16.83
109.51,6.56,24.83
29.32,1.72,1.94
168.36,27.9,40.24
19.87,14.0,7.42
185.72,9.92,37.26
28.83,18.36,13.37
170.28,1.21,28.11
181.5,9.06,38.47
196.12,21.39,44.05
162.38,19.38,31.31
158.1,29.47,34.37
132.07,18.99,31.33
