id_importador,declaraciones_anio,valor_promedio_millones,pct_corregidas
IMP-0001,30.0,30.52,27.1
IMP-0002,7.0,121.67,6.7
IMP-0003,19.0,38.96,11.4
IMP-0004,5.0,16.85,2.4
IMP-0005,8.0,121.25,1.5
IMP-0006,8.0,77.73,1.2
IMP-0007,17.0,58.67,29.1
IMP-0008,59.0,5.09,3.1
IMP-0009,5.0,18.44,0.0
IMP-0010,4.0,15.3,2.3
IMP-0011,4.0,10.93,4.5
IMP-0012,6.0,105.78,3.4
IMP-0013,4.0,16.39,0.0
IMP-0014,82.0,9.93,3.0
IMP-0015,8.0,137.76,3.0
IMP-0016,56.0,7.95,3.1
IMP-0017,65.0,6.2,5.3
IMP-0018,20.0,21.06,20.0
IMP-0019,2.0,7.4,1.8
IMP-0020,62.0,8.39,0.6
IMP-0021,52.0,6.28,0.0
IMP-0022,4.0,94.34,7.6
IMP-0023,5.0,12.7,0.8
IMP-0024,62.0,8.33,5.3
IMP-0025,9.0,79.4,0.7
IMP-0026,31.0,7.65,1.9
IMP-0027,3.0,9.38,0.0
IMP-0028,8.0,112.26,3.0
IMP-0029,3.0,17.02,3.8
IMP-0030,37.0,46.06,26.9
IMP-0031,10.0,118.32,4.0
IMP-0032,4.0,13.82,1.8
IMP-0033,4.0,13.76,0.0
IMP-0034,50.0,8.03,0.0
IMP-0035,42.0,6.91,1.1
IMP-0036,77.0,8.58,0.0
IMP-0037,10.0,86.79,3.5
IMP-0038,32.0,48.21,21.6
IMP-0039,54.0,6.5,3.1
IMP-0040,4.0,21.41,0.0
IMP-0041,5.0,17.39,0.5
IMP-0042,2.0,12.22,7.4
IMP-0043,5.0,13.74,5.3
IMP-0044,53.0,7.99,2.6
IMP-0045,70.0,5.89,0.0
IMP-0046,4.0,14.27,2.2
IMP-0047,4.0,14.73,0.1
IMP-0048,18.0,24.94,26.4
IMP-0049,40.0,8.41,5.0
IMP-0050,4.0,17.67,2.8
IMP-0051,60.0,7.95,1.9
IMP-0052,6.0,12.49,3.0
IMP-0053,6.0,13.02,3.6
IMP-0054,19.0,52.91,10.0
IMP-0055,6.0,20.23,1.4
IMP-0056,8.0,117.48,2.3
IMP-0057,62.0,6.88,2.8
IMP-0058,27.0,33.92,19.1
IMP-0059,5.0,17.52,0.0
IMP-0060,1.0,11.66,0.0
IMP-0061,25.0,50.4,22.4
IMP-0062,24.0,48.2,22.9
IMP-0063,7.0,178.57,3.0
IMP-0064,25.0,53.86,21.2
IMP-0065,10.0,128.77,7.6
IMP-0066,5.0,16.12,3.7
IMP-0067,58.0,9.51,0.0
IMP-0068,20.0,39.16,27.1
IMP-0069,43.0,5.57,4.2
IMP-0070,5.0,7.49,1.6
IMP-0071,4.0,20.59,0.1
IMP-0072,53.0,8.99,5.2
IMP-0073,11.0,104.87,5.6
IMP-0074,10.0,68.7,2.6
IMP-0075,42.0,8.26,0.0
IMP-0076,7.0,148.79,5.3
IMP-0077,4.0,12.5,2.0
IMP-0078,45.0,9.17,3.1
IMP-0079,70.0,7.93,2.7
IMP-0080,51.0,4.51,0.9
IMP-0081,28.0,39.61,30.0
IMP-0082,77.0,6.39,0.0
IMP-0083,4.0,19.96,4.4
IMP-0084,11.0,164.37,6.2
IMP-0085,76.0,5.74,3.6
IMP-0086,25.0,32.58,22.7
IMP-0087,3.0,17.81,1.7
IMP-0088,3.0,16.28,0.0
IMP-0089,3.0,14.9,2.9
IMP-0090,4.0,12.46,2.5
IMP-0091,5.0,14.89,0.3
IMP-0092,41.0,7.59,6.6
IMP-0093,60.0,6.34,4.3
IMP-0094,5.0,113.91,3.1
IMP-0095,5.0,13.61,3.4
IMP-0096,18.0,36.06,25.8
IMP-0097,80.0,10.5,2.9
IMP-0098,5.0,15.31,2.3
IMP-0099,5.0,8.24,1.0
IMP-0100,11.0,135.11,4.4
IMP-0101,2.0,20.41,0.7
IMP-0102,61.0,9.56,0.7
IMP-0103,83.0,8.14,2.9
IMP-0104,5.0,7.68,1.8
IMP-0105,6.0,84.88,0.0
IMP-0106,19.0,38.17,35.5
IMP-0107,4.0,14.74,7.2
IMP-0108,7.0,118.79,3.5
IMP-0109,8.0,165.73,1.9
IMP-0110,53.0,4.62,3.9
IMP-0111,3.0,16.38,4.1
IMP-0112,26.0,39.41,30.7
IMP-0113,7.0,108.86,1.8
IMP-0114,53.0,6.82,5.0
IMP-0115,20.0,39.06,26.3
IMP-0116,70.0,5.44,0.0
IMP-0117,59.0,9.94,5.0
IMP-0118,4.0,22.42,0.0
IMP-0119,27.0,39.69,14.2
IMP-0120,50.0,7.68,0.6
IMP-0121,6.0,11.65,0.0
IMP-0122,14.0,29.22,6.3
IMP-0123,3.0,13.63,1.7
IMP-0124,48.0,4.0,0.0
IMP-0125,11.0,129.57,0.1
IMP-0126,8.0,152.54,5.0
IMP-0127,48.0,8.73,3.1
IMP-0128,4.0,13.58,3.3
IMP-0129,42.0,8.02,3.2
IMP-0130,4.0,16.63,0.7
IMP-0131,4.0,13.72,0.5
IMP-0132,73.0,5.24,2.9
IMP-0133,24.0,53.91,12.7
IMP-0134,17.0,32.73,34.1
IMP-0135,6.0,14.59,3.2
IMP-0136,5.0,12.46,4.0
IMP-0137,62.0,7.45,1.4
IMP-0138,3.0,17.57,1.4
IMP-0139,3.0,18.58,4.6
IMP-0140,62.0,6.31,2.6
IMP-0141,56.0,9.04,5.1
IMP-0142,6.0,136.6,5.1
IMP-0143,48.0,6.66,0.0
IMP-0144,69.0,6.41,3.8
IMP-0145,8.0,96.62,6.4
IMP-0146,62.0,8.07,7.5
IMP-0147,3.0,6.34,3.6
IMP-0148,8.0,139.11,1.2
IMP-0149,6.0,9.02,2.7
IMP-0150,8.0,111.04,10.8
IMP-0151,4.0,12.57,2.4
IMP-0152,11.0,123.49,6.3
IMP-0153,5.0,12.73,1.0
IMP-0154,19.0,29.24,19.5
IMP-0155,3.0,14.22,3.7
IMP-0156,59.0,10.51,5.1
IMP-0157,53.0,7.35,4.8
IMP-0158,29.0,28.78,23.7
IMP-0159,20.0,39.34,21.0
IMP-0160,57.0,5.78,0.5
IMP-0161,14.0,38.63,27.2
IMP-0162,9.0,126.43,3.2
IMP-0163,3.0,17.0,2.2
IMP-0164,4.0,12.98,3.3
IMP-0165,8.0,126.2,8.3
IMP-0166,6.0,17.63,1.8
IMP-0167,8.0,151.88,1.9
IMP-0168,2.0,11.55,0.0
IMP-0169,3.0,14.79,1.7
IMP-0170,57.0,6.75,7.9
IMP-0171,4.0,13.6,1.0
IMP-0172,23.0,39.35,28.4
IMP-0173,4.0,13.64,0.4
IMP-0174,4.0,16.87,1.6
IMP-0175,9.0,152.44,0.0
IMP-0176,4.0,19.54,1.5
IMP-0177,8.0,115.5,3.9
IMP-0178,3.0,92.84,6.7
IMP-0179,5.0,14.11,2.0
IMP-0180,65.0,6.92,4.3
IMP-0181,15.0,42.5,29.8
IMP-0182,63.0,6.61,1.9
IMP-0183,7.0,82.59,6.1
IMP-0184,6.0,114.7,2.2
IMP-0185,2.0,17.56,3.2
IMP-0186,9.0,135.44,2.0
IMP-0187,25.0,26.1,27.1
IMP-0188,4.0,14.74,1.4
IMP-0189,4.0,17.49,1.1
IMP-0190,55.0,8.91,4.9
IMP-0191,7.0,69.42,0.6
IMP-0192,4.0,19.56,0.0
IMP-0193,5.0,15.95,1.0
IMP-0194,46.0,12.49,2.7
IMP-0195,9.0,158.39,4.6
IMP-0196,5.0,10.47,0.0
IMP-0197,37.0,10.88,4.0
IMP-0198,4.0,14.58,2.9
IMP-0199,8.0,114.1,6.8
IMP-0200,60.0,3.74,2.4
IMP-0201,5.0,23.55,0.0
IMP-0202,32.0,9.4,0.0
IMP-0203,4.0,10.82,2.7
IMP-0204,5.0,14.12,0.0
IMP-0205,70.0,6.74,0.7
IMP-0206,4.0,14.17,3.5
IMP-0207,4.0,17.12,0.0
IMP-0208,3.0,15.46,6.4
IMP-0209,3.0,7.21,1.5
IMP-0210,12.0,116.04,5.6
IMP-0211,2.0,15.34,0.9
IMP-0212,56.0,7.32,4.5
IMP-0213,5.0,12.23,0.6
IMP-0214,61.0,7.9,3.9
IMP-0215,61.0,5.42,5.8
IMP-0216,3.0,24.5,2.1
IMP-0217,7.0,145.64,2.6
IMP-0218,4.0,14.69,2.7
IMP-0219,54.0,9.47,3.4
IMP-0220,10.0,113.84,3.0
IMP-0221,57.0,7.4,5.8
IMP-0222,25.0,29.57,28.9
IMP-0223,29.0,30.39,20.1
IMP-0224,3.0,17.66,4.8
IMP-0225,29.0,37.15,25.8
IMP-0226,73.0,7.87,0.6
IMP-0227,2.0,17.32,2.7
IMP-0228,79.0,7.58,0.2
IMP-0229,11.0,88.65,0.5
IMP-0230,4.0,13.68,0.0
IMP-0231,5.0,17.65,1.0
IMP-0232,53.0,6.99,5.6
IMP-0233,7.0,85.47,2.6
IMP-0234,4.0,9.34,1.0
IMP-0235,67.0,7.39,0.0
IMP-0236,14.0,30.23,23.6
IMP-0237,45.0,7.76,0.0
IMP-0238,5.0,126.51,3.9
IMP-0239,18.0,31.3,22.6
IMP-0240,58.0,7.71,3.5
IMP-0241,70.0,7.69,2.8
IMP-0242,15.0,35.98,16.2
IMP-0243,25.0,11.8,25.6
IMP-0244,8.0,127.78,4.5
IMP-0245,11.0,131.64,6.9
IMP-0246,64.0,7.84,5.1
IMP-0247,9.0,61.6,4.9
IMP-0248,4.0,13.72,0.2
IMP-0249,3.0,11.16,0.1
IMP-0250,51.0,3.93,1.6
IMP-0251,4.0,17.27,2.6
IMP-0252,10.0,102.21,4.6
IMP-0253,18.0,36.45,25.0
IMP-0254,3.0,13.91,3.6
IMP-0255,8.0,187.73,0.5
IMP-0256,4.0,9.1,2.3
IMP-0257,3.0,8.66,1.9
IMP-0258,57.0,5.89,6.6
IMP-0259,3.0,19.24,0.0
IMP-0260,51.0,7.25,2.3
IMP-0261,70.0,6.75,4.9
IMP-0262,7.0,91.74,0.0
IMP-0263,22.0,8.52,0.3
IMP-0264,55.0,4.48,5.7
IMP-0265,61.0,4.93,4.2
IMP-0266,47.0,10.1,2.3
IMP-0267,90.0,6.05,0.9
IMP-0268,4.0,13.9,0.0
IMP-0269,37.0,8.18,3.0
IMP-0270,9.0,176.13,0.0
IMP-0271,8.0,128.9,1.0
IMP-0272,4.0,20.83,3.6
IMP-0273,4.0,22.22,2.2
IMP-0274,5.0,13.37,1.8
IMP-0275,4.0,22.72,2.9
IMP-0276,64.0,9.34,1.8
IMP-0277,41.0,5.93,4.2
IMP-0278,80.0,8.69,4.6
IMP-0279,9.0,85.45,1.4
IMP-0280,60.0,10.67,1.4
IMP-0281,4.0,13.12,1.1
IMP-0282,5.0,13.09,5.4
IMP-0283,40.0,11.31,1.3
IMP-0284,71.0,10.2,3.5
IMP-0285,31.0,45.27,12.9
IMP-0286,4.0,8.69,0.0
IMP-0287,3.0,21.92,5.0
IMP-0288,4.0,16.01,3.8
IMP-0289,37.0,32.34,27.6
IMP-0290,3.0,13.05,5.8
IMP-0291,5.0,15.08,0.0
IMP-0292,30.0,8.67,1.7
IMP-0293,6.0,141.19,2.8
IMP-0294,7.0,153.36,8.0
IMP-0295,8.0,99.64,3.2
IMP-0296,4.0,11.11,2.2
IMP-0297,4.0,22.43,2.5
IMP-0298,53.0,10.81,6.2
IMP-0299,1.0,19.17,1.9
IMP-0300,73.0,9.69,3.1
